,symbol,latestPrice,marketCap,peRatio,beta,priceToBook,profitMargin,revenue,PosPerc,posSize,Sharetobebought
0,A,135.045,40282558723.0,51.3,0.9263816428758082,8.62,0.15004390874265178,5533502103.0,0.001984126984126984,19841.26984126984,146.0
1,AAL,23.41,15459677606.0,-1.63,1.6502138388872736,-1.84,-0.6224061993536422,12899892349.0,0.001984126984126984,19841.26984126984,847.0
2,AAP,211.057,13638854787.0,29.21,0.7662872218074763,3.75,0.05056426454247117,10271328001.0,0.001984126984126984,19841.26984126984,94.0
3,AAPL,129.232,2121348230122.0,28.95,1.4190714492390284,31.47,0.2414303593307711,328340027581.0,0.001984126984126984,19841.26984126984,153.0
4,ABBV,122.1,214854654844.0,40.93,0.6290078016791418,16.0,0.1053718075344097,52362193044.0,0.001984126984126984,19841.26984126984,162.0
5,ABC,121.53,25212719499.0,-6.6,0.63680010356637,-89.1,-0.01984415516108103,203285919364.0,0.001984126984126984,19841.26984126984,163.0
6,ABMD,278.1,12623510784.0,62.38,1.041304950551925,9.82,0.2549310513774385,826861622.0,0.001984126984126984,19841.26984126984,71.0
7,ABT,121.34,216313155761.0,36.67,0.7049043874462997,6.57,0.1539936188465069,39116521709.0,0.001984126984126984,19841.26984126984,163.0
8,ACN,291.83,192866835277.0,35.1,1.085495352632243,10.53,0.12458722353974985,47508095816.0,0.001984126984126984,19841.26984126984,67.0
9,ADBE,486.45,232458725090.0,43.09,1.237078551783108,17.24,0.4069784699798074,14331480848.0,0.001984126984126984,19841.26984126984,40.0
10,ADI,151.76,56527674297.0,40.41,1.3371937932257,4.72,0.2425914316381011,6068108806.0,0.001984126984126984,19841.26984126984,130.0
11,ADM,69.1,39378202080.0,19.0,0.8969321568094907,1.84,0.03069331812016123,71305880048.0,0.001984126984126984,19841.26984126984,287.0
12,ADP,201.51,85010470843.0,34.15,0.930225769880103,14.9,0.1731705246893866,14694382520.0,0.001984126984126984,19841.26984126984,98.0
13,ADSK,282.49,61067535465.0,50.97,1.3810124481186776,65.03,0.3218130153672473,3808178142.0,0.001984126984126984,19841.26984126984,70.0
14,AEE,85.37,21803054681.0,22.07,0.4742605119700938,2.39,0.16907749459042082,6059485697.0,0.001984126984126984,19841.26984126984,232.0
15,AEP,88.84,43269381501.0,19.12,0.4212897657841043,2.11,0.14874101756005667,15647857297.0,0.001984126984126984,19841.26984126984,223.0
16,AES,25.31,17608660119.0,-69.65,1.141967974870821,5.19,-0.02510555320379686,10130145762.0,0.001984126984126984,19841.26984126984,783.0
17,AFL,57.88,39462873649.0,7.35,1.035331519961073,1.2,0.23498368801928315,24097191945.0,0.001984126984126984,19841.26984126984,342.0
18,AIG,53.007,45675695040.0,-11.86,1.3502921496144338,0.7173,-0.08911770314025512,45310559521.0,0.001984126984126984,19841.26984126984,374.0
19,AIV,6.89,1042278430.0,-201.99,0.0,2.11,-0.03366799707814822,153752362.0,0.001984126984126984,19841.26984126984,2879.0
20,AIZ,167.193,10042054743.0,23.7,0.7396791546745742,1.74,0.04395090181262344,10059016979.0,0.001984126984126984,19841.26984126984,118.0
21,AJG,147.33,28822707459.0,35.19,0.7454677547765667,4.32,0.1204072591909189,7655036593.0,0.001984126984126984,19841.26984126984,134.0
22,AKAM,118.11,18704802241.0,32.75,0.691375847171884,4.31,0.18314681899824808,3369284316.0,0.001984126984126984,19841.26984126984,167.0
23,ALB,165.23,19005250852.0,48.0,1.4752985709687731,3.34,0.11818085684214484,3346996936.0,0.001984126984126984,19841.26984126984,120.0
24,ALGN,583.83,45484557627.0,100.09,1.6878608924696799,13.4,0.16633812369431591,2859879439.0,0.001984126984126984,19841.26984126984,33.0
25,ALK,74.66,9246495551.0,-7.36,1.6420237646867095,3.08,-0.4566239970197073,2851123839.0,0.001984126984126984,19841.26984126984,265.0
26,ALL,141.15,43205354053.0,12.59,0.6968503857206817,1.76,0.07555049266397691,47487525575.0,0.001984126984126984,19841.26984126984,140.0
27,ALLE,140.04,13122158074.0,31.2,1.1693175540540393,17.39,0.1559232362595611,2742847837.0,0.001984126984126984,19841.26984126984,141.0
28,ALXN,179.18,39467823055.0,57.87,0.7631921176544871,3.13,0.10966907846773047,6380019561.0,0.001984126984126984,19841.26984126984,110.0
29,AMAT,126.5,114719084427.0,29.85,1.6879244184468147,10.06,0.214008718134874,19018130228.0,0.001984126984126984,19841.26984126984,156.0
30,AMCR,12.8,19821557912.0,22.62,1.0179278038483552,4.35,0.07154377579657384,12579089578.0,0.001984126984126984,19841.26984126984,1550.0
31,AMD,77.71,91774710750.0,31.45,1.346932912469105,14.08,0.2628972784856078,11916671957.0,0.001984126984126984,19841.26984126984,255.0
32,AME,139.42,31851254817.0,38.79,1.0096888875398977,5.12,0.18392642235266013,4709536746.0,0.001984126984126984,19841.26984126984,142.0
33,AMGN,258.986,146627552411.0,21.0,0.73403622243038,15.66,0.2833704030500873,25415992619.0,0.001984126984126984,19841.26984126984,76.0
34,AMP,270.13,30984793889.0,-501.5,1.3816345702768709,5.63,-0.00531028380024965,12477228534.0,0.001984126984126984,19841.26984126984,73.0
35,AMT,247.079,110766138259.0,57.54,0.7892892762685142,28.42,0.23767683659809818,8239865663.0,0.001984126984126984,19841.26984126984,80.0
36,AMZN,3426.08,1700635191599.0,63.98,1.121115743909533,16.34,0.0658709034441088,432930275400.0,0.001984126984126984,19841.26984126984,5.0
37,ANET,337.745,24979571452.0,38.71,1.087324054438514,7.39,0.2838940961638754,2555625185.0,0.001984126984126984,19841.26984126984,58.0
38,ANSS,326.34,28961619363.0,63.2,1.3817462211156102,7.25,0.2732048939054334,1784354990.0,0.001984126984126984,19841.26984126984,60.0
39,ANTM,393.598,98930401980.0,21.45,0.863336418268996,2.98,0.0383816888468055,128603933255.0,0.001984126984126984,19841.26984126984,50.0
40,AON,265.0,58116561388.0,,0.7508336262629054,,,,0.001984126984126984,19841.26984126984,74.0
41,AOS,71.2,11494747820.0,29.7,0.9041231199772994,6.47,0.13386539802376907,3037154998,0.001984126984126984,19841.26984126984,278.0
42,APA,22.208,8408208389.0,1055.6,0.0,-6.62,0.001661557355513086,5192224910,0.001984126984126984,19841.26984126984,893.0
43,APD,304.75,68766012948.0,36.01,0.8515147488733201,5.46,0.21178833692686727,9552282840,0.001984126984126984,19841.26984126984,65.0
44,APH,67.395,40137688566.0,32.71,1.1851310412604799,7.57,0.14692812776056022,9377954460,0.001984126984126984,19841.26984126984,294.0
45,APTV,143.94,38216508800.0,80.85,1.421414247248994,4.71,0.03598662203219644,14039369730,0.001984126984126984,19841.26984126984,137.0
46,ARE,175.21,25836965535.0,30.95,0.6850738373232628,2.03,0.3898417922290568,1954082715,0.001984126984126984,19841.26984126984,113.0
47,ATO,100.23,13221881625.0,18.46,0.4317129928611039,1.71,0.22651120910928188,3270160902,0.001984126984126984,19841.26984126984,197.0
48,ATVI,94.76,73565832212.0,31.18,0.7801365655793302,4.93,0.282145548166739,8621889388,0.001984126984126984,19841.26984126984,209.0
49,AVB,205.269,28374899373.0,36.05,0.9289379628185171,2.64,0.3709904849936301,2259010001,0.001984126984126984,19841.26984126984,96.0
50,AVGO,447.06,181641439495.0,52.96,1.3917733319280734,7.73,0.15115939542623885,24920842807,0.001984126984126984,19841.26984126984,44.0
51,AVY,220.969,18760182872.0,30.88,1.0368193676610087,11.57,0.0890470520490743,7649160780,0.001984126984126984,19841.26984126984,89.0
52,AWK,156.6,27898998030.0,38.41,0.5685758367504351,4.25,0.1924216739478085,3851640577,0.001984126984126984,19841.26984126984,126.0
53,AXP,158.68,126108324658.0,26.82,1.26088466051485,5.32,0.1369473119965516,36643498488,0.001984126984126984,19841.26984126984,125.0
54,AZO,1554.375,34310213252.0,19.6,0.5914550238521765,-22.45,0.1412497463191665,13652643292,0.001984126984126984,19841.26984126984,12.0
55,BA,233.93,139255296003.0,-11.2,1.9861371143868345,-7.6,-0.21491704372662468,57658888519,0.001984126984126984,19841.26984126984,84.0
56,BAC,43.51,370913814473.0,18.95,1.1618369710030063,1.45,0.23542955327723464,92376477593,0.001984126984126984,19841.26984126984,456.0
57,BAX,86.57,42340902099.0,40,0.4715770951937627,5.23,0.09367717061394346,12137544653,0.001984126984126984,19841.26984126984,229.0
58,BBY,125.988,30716623785.0,17.84,0.9510875928317848,6.67,0.03883248903483883,47401224114,0.001984126984126984,19841.26984126984,157.0
59,BDX,249.857,71987209958.0,44.74,0.3368615550899845,2.94,0.0873348750747469,18861526235,0.001984126984126984,19841.26984126984,79.0
60,BEN,36.15,17938755438.0,16.8,1.3093938071667957,1.7,0.15921704308307472,7226796583,0.001984126984126984,19841.26984126984,548.0
61,BF.B,79.13,38156461106.0,42.71,0.8372272219348532,14.89,0.2181014262666234,4478011678,0.001984126984126984,19841.26984126984,250.0
62,BIIB,285.68,43953276401.0,14.81,0.0,4.02,0.25002039312254404,12901616939,0.001984126984126984,19841.26984126984,69.0
63,BIO,601.98,18566612574.0,4.5,0.8475619105311902,1.8,1.5603678813386852,2804232203,0.001984126984126984,19841.26984126984,32.0
64,BK,53.143,46234888703.0,14.1,0.9338781430320399,1.17,0.2135146646183038,16804378166,0.001984126984126984,19841.26984126984,373.0
65,BKNG,2324.71,95652681548.0,132.53,1.453691074117172,20.36,0.1277442646831882,5843635871,0.001984126984126984,19841.26984126984,8.0
66,BKR,27.4,27925972358.0,-105.18,1.3223139071972305,2.08,-0.00934623678247707,20815655218,0.001984126984126984,19841.26984126984,724.0
67,BLK,889.8,129800782149.0,24.78,1.1329570998593912,3.84,0.323769380340296,17513571328,0.001984126984126984,19841.26984126984,22.0
68,BLL,89.22,29215827807.0,38.7,0.80780992802048,8.63,0.06538816488595392,12209149041,0.001984126984126984,19841.26984126984,222.0
69,BMY,67.484,149224454044.0,-24.25,0.6265222773360885,3.87,-0.1456404368824205,43339422710,0.001984126984126984,19841.26984126984,294.0
70,BR,166.73,19411689624.0,38.48,0.8455825494365343,12.44,0.1096166814819201,4914708284,0.001984126984126984,19841.26984126984,119.0
71,BRK.B,297.64,671589957987.0,,0.8757914726847961,,,,0.001984126984126984,19841.26984126984,66.0
72,BSX,43.25,60145761301.0,295.27,1.0594909706900812,3.94,0.020486552977656034,10548509349,0.001984126984126984,19841.26984126984,458.0
73,BWA,52.389,12830057720.0,26.81,1.1159350486388069,1.95,0.03794963955655128,12201483753,0.001984126984126984,19841.26984126984,378.0
74,BXP,113.5,17853326112.0,38.44,1.1391551276391363,2.95,0.16746577059239393,2779013342,0.001984126984126984,19841.26984126984,174.0
75,C,77.678,161946973330.0,10.87,1.3113682167251344,0.8884,0.18755304311948606,85335533499,0.001984126984126984,19841.26984126984,255.0
76,CAG,37.99,18156345285.0,16.05,0.5281224123084998,2.28,0.10182874287529332,11795113895,0.001984126984126984,19841.26984126984,522.0
77,CAH,58.62,16754772514.0,14.74,0.862381486127855,9.48,0.007693688065445767,158933195710,0.001984126984126984,19841.26984126984,338.0
78,CARR,45.946,39046193022.0,17.59,1.1731115171932942,5.97,0.13042090279811566,18636414719,0.001984126984126984,19841.26984126984,431.0
79,CAT,251.2,135399131417.0,40,0.9867868584368513,8.06,0.07994189038919815,44058448854,0.001984126984126984,19841.26984126984,78.0
80,CB,171.63,76444480130.0,14.35,0.9438913105984487,1.3,0.14973206176328974,39422346922,0.001984126984126984,19841.26984126984,115.0
81,CBOE,117.29,12463570434.0,27.43,0.5530402336580024,3.69,0.1331575776116266,3521315126,0.001984126984126984,19841.26984126984,169.0
82,CBRE,88.65,29227596373.0,35.37,1.373064763519416,4.07,0.03558223625572724,24204161255,0.001984126984126984,19841.26984126984,223.0
83,CCI,184.15,82394583374.0,88.97,0.7255913070374908,8.81,0.1550142496726094,6074940850,0.001984126984126984,19841.26984126984,107.0
84,CCL,27.68,31812931597.0,-2.15,2.010719427268534,1.58,-14.115123721826766,832758171,0.001984126984126984,19841.26984126984,716.0
85,CDNS,126.22,34730958964.0,54.62,1.23924405713275,14.2,0.23829468877446805,2876986337,0.001984126984126984,19841.26984126984,157.0
86,CDW,176.5,23736053352.0,29.52,1.3730975997887556,20.8,0.04666734394820912,18935832012,0.001984126984126984,19841.26984126984,112.0
87,CE,169.935,19494242121.0,9.74,1.121117969704364,5.37,0.3487479486247773,6288690669,0.001984126984126984,19841.26984126984,116.0
88,CERN,77.8,24055382329.0,29.68,0.702742937027812,5.52,0.1535792399092199,5491850052,0.001984126984126984,19841.26984126984,255.0
89,CF,54.77,11835600084.0,30.3,1.010117971879041,3.9,0.09845711303169923,4306869854,0.001984126984126984,19841.26984126984,362.0
90,CFG,52.94,21946854299.0,14.81,1.517279714427705,1.07,0.2092778289018555,7692926616,0.001984126984126984,19841.26984126984,374.0
91,CHD,90.83,21987547058.0,29.58,0.32952075222930016,7.07,0.15927517764778362,5164060637,0.001984126984126984,19841.26984126984,218.0
92,CHRW,101.45,13221629644.0,23.21,0.8058952286672743,7.2,0.0352864821086353,17292215129,0.001984126984126984,19841.26984126984,195.0
93,CHTR,704.39,135442470057.0,41.04,0.685518145514494,6.65,0.07579915405799886,49566687813,0.001984126984126984,19841.26984126984,28.0
94,CI,267.54,95143654722.0,11.54,0.9306832194458654,1.95,0.05332783818527538,168180408190,0.001984126984126984,19841.26984126984,74.0
95,CINF,125.96,20130093456.0,6.42,1.0925685807755596,1.82,0.32418761076587466,10170730058,0.001984126984126984,19841.26984126984,157.0
96,CL,84.718,70736424611.0,27.57,0.4091465514654189,271.37,0.1634696444286157,17489610673,0.001984126984126984,19841.26984126984,234.0
97,CLX,186.63,23444325450.0,26.3,0.06722064264437082,31.75,0.12423316089761083,7834308412,0.001984126984126984,19841.26984126984,106.0
98,CMA,82.09,11353203384.0,13.07,1.4215069671792275,1.46,0.30213055313092946,3055242404,0.001984126984126984,19841.26984126984,241.0
99,CMCSA,55.73,258327350286.0,22.38,0.9277989834780931,2.97,0.117905194098924,109096185769,0.001984126984126984,19841.26984126984,356.0
100,CME,225.83,81358038194.0,42.06,0.789419125782778,2.97,0.416740700517098,4838542841.0,0.001984126984126984,19841.26984126984,87.0
101,CMG,1344.75,38719224841.0,93.91,0.8401762046243941,18.9,0.0644156040905751,6549028667.0,0.001984126984126984,19841.26984126984,14.0
102,CMI,266.85,39074510977.0,21.36,0.848241374686559,4.9,0.09064520908423167,21515058840.0,0.001984126984126984,19841.26984126984,74.0
103,CMS,65.0,18676240994.0,22.0,0.4737924685518212,3.35,0.1270945729451035,7023693525.0,0.001984126984126984,19841.26984126984,305.0
104,CNC,71.39,41696374034.0,17.69,0.7447602463993813,1.55,0.021727044717065064,119261369705.0,0.001984126984126984,19841.26984126984,277.0
105,CNP,25.16,14906138006.0,24.67,0.755590325420144,2.38,0.0771461556044976,8135160449.0,0.001984126984126984,19841.26984126984,788.0
106,COF,168.0,72668413159.0,10.52,1.324088832742553,1.2,0.2329469847390132,32197690886.0,0.001984126984126984,19841.26984126984,118.0
107,COG,18.57,7444138359.0,27.41,0.5138127066781244,3.12,0.1799129472828478,1612426424.0,0.001984126984126984,19841.26984126984,1068.0
108,COO,403.89,21180201653.0,8.61,0.873954590568026,3.61,0.9126334543165557,2477246503.0,0.001984126984126984,19841.26984126984,49.0
109,COP,60.917,81426381394.0,3406.29,1.4661093922903792,1.81,0.0009155425542589697,22913258726.0,0.001984126984126984,19841.26984126984,325.0
110,COST,402.765,171100610433.0,40.77,0.5608762627617958,11.33,0.024933732535580365,185078924359.0,0.001984126984126984,19841.26984126984,49.0
111,COTY,9.01,7011105649.0,-8.47,1.874644017152058,1.75,-0.3667612401401916,2582453646.0,0.001984126984126984,19841.26984126984,2202.0
112,CPB,51.7,15669001003.0,18.71,0.326518965601562,5.27,0.09021912497507588,9398034100.0,0.001984126984126984,19841.26984126984,383.0
113,CPRT,125.0,29391296327.0,41.88,1.0357332865045743,10.0,0.3149034632955265,2340896567.0,0.001984126984126984,19841.26984126984,158.0
114,CRM,219.4,204653495512.0,49.75,1.209215151635778,4.89,0.195272099963844,22176741864.0,0.001984126984126984,19841.26984126984,90.0
115,CSCO,53.61,224463760900.0,23.17,0.9490125601240422,5.78,0.21306615866278233,49580642763.0,0.001984126984126984,19841.26984126984,370.0
116,CSX,101.72,78409550438.0,28.46,1.0200952339052174,5.99,0.258558772299608,10930970870.0,0.001984126984126984,19841.26984126984,195.0
117,CTAS,355.03,37811550791.0,39.31,1.2842023283907156,10.1,0.14523016160781294,7158496644.0,0.001984126984126984,19841.26984126984,55.0
118,CTL,11.0,12142889729.0,9.83,,,,23087485857.0,0.001984126984126984,19841.26984126984,1803.0
119,CTSH,73.36,38955195283.0,25.56,1.022333773727666,3.39,0.09329814851899165,16967030675.0,0.001984126984126984,19841.26984126984,270.0
120,CTVA,47.308,34537558111.0,34.92,0.9409344310533275,1.41,0.07224859119485029,14636232212.0,0.001984126984126984,19841.26984126984,419.0
121,CTXS,121.95,14661184115.0,36.54,0.689188613858199,61.24,0.1338884290787338,3204568242.0,0.001984126984126984,19841.26984126984,162.0
122,CVS,87.25,114095295083.0,15.67,0.6648067523715943,1.58,0.0277683646045554,281709350081.0,0.001984126984126984,19841.26984126984,227.0
123,CVX,111.5,221941166880.0,-27.16,1.1923962509726544,1.6,-0.08492271122311978,96037526448.0,0.001984126984126984,19841.26984126984,177.0
124,CXO,68.8,13374054449.0,-1.27,1.3985203601844332,1.67,-2.986879422231309,3556017825.0,0.001984126984126984,19841.26984126984,288.0
125,D,80.615,65287629589.0,82.02,0.3575132815270743,2.71,0.06131366581008266,13664943272.0,0.001984126984126984,19841.26984126984,246.0
126,DAL,47.02,30328209324.0,-2.29,1.6726648580489512,63.64,-1.0469483655009075,12918505512.0,0.001984126984126984,19841.26984126984,421.0
127,DD,86.77,47416622901.0,19.99,1.1157801666194993,1.66,0.163145672060904,19181377530.0,0.001984126984126984,19841.26984126984,228.0
128,DE,390.82,122090569411.0,36.28,0.97291991116252,8.86,0.09737361485991165,37288783326.0,0.001984126984126984,19841.26984126984,50.0
129,DFS,123.62,36816992930.0,13.48,1.5797772723710979,3.23,0.2189690274175231,13027231997.0,0.001984126984126984,19841.26984126984,160.0
130,DG,213.81,50326778053.0,19.88,0.536034762715395,7.72,0.0817499396203288,35361548983.0,0.001984126984126984,19841.26984126984,92.0
131,DGX,134.03,17988778911.0,10.27,0.2888793261670455,2.74,0.17399104685610622,10770336894.0,0.001984126984126984,19841.26984126984,148.0
132,DHI,98.647,34805535864.0,11.24,1.257941215904135,2.77,0.13220258482849626,24616701012.0,0.001984126984126984,19841.26984126984,201.0
133,DHR,258.567,187881844749.0,40.29,0.7119235027776902,4.96,0.1936794535150584,25052036226.0,0.001984126984126984,19841.26984126984,76.0
134,DIS,176.14,315098153338.0,-69.32,1.0291678802119204,3.74,-0.07941200779374867,59364169215.0,0.001984126984126984,19841.26984126984,112.0
135,DISCA,35.51,16246920027.0,30.9,0.6021036646321488,1.61,0.07117543116250019,11238466121.0,0.001984126984126984,19841.26984126984,558.0
136,DISCK,32.819,17247034689.0,,0.763827666501694,,,,0.001984126984126984,19841.26984126984,604.0
137,DISH,46.254,24759293812.0,12.07,1.2884223561100723,1.83,0.143735911762059,17349295321,0.001984126984126984,19841.26984126984,428.0
138,DLR,151.14,43154700210.0,98.55,0.5094212450193222,2.52,0.1040687431790447,4293865832,0.001984126984126984,19841.26984126984,131.0
139,DLTR,111.02,26567378447.0,19.7,0.7062253829017128,3.72,0.055181476725213154,25777254480,0.001984126984126984,19841.26984126984,178.0
140,DOV,151.34,22008247628.0,30.09,0.9046218439455788,6.37,0.11193896934073234,7082307525,0.001984126984126984,19841.26984126984,131.0
141,DOW,72.55,53270058276.0,27.51,1.2536639699665368,3.83,0.05045615561394307,42553837853,0.001984126984126984,19841.26984126984,273.0
142,DPZ,433.8,16841142232.0,36.45,0.3463866177533406,-5.22,0.11666577876467864,4344340975,0.001984126984126984,19841.26984126984,45.0
143,DRE,45.471,17385981723.0,47.83,0.7227267361278072,3.37,0.3432922484221319,1056154492,0.001984126984126984,19841.26984126984,436.0
144,DRI,142.58,18801761131.0,-81.79,1.1843551133486099,7.12,-0.03689325735139763,6203194643,0.001984126984126984,19841.26984126984,139.0
145,DTE,143.84,28279497443.0,19.23,0.6904559731563563,2.21,0.11318132851941082,13013577515,0.001984126984126984,19841.26984126984,137.0
146,DUK,104.8,79786274733.0,58.03,0.401022763454413,1.75,0.05532222536375115,24564453505,0.001984126984126984,19841.26984126984,189.0
147,DVA,128.98,13613145809.0,20.03,0.7260526783882568,10.84,0.06907069371931554,11734911422,0.001984126984126984,19841.26984126984,153.0
148,DVN,27.56,19107142124.0,-18.76,1.9004099336391216,2.18,-0.149627183917519,4684704920,0.001984126984126984,19841.26984126984,719.0
149,DXC,36.894,9430080266.0,-3.43,1.7370491479187227,1.72,-0.15811616875807602,18846120011,0.001984126984126984,19841.26984126984,537.0
150,DXCM,339.65,32360944568.0,65.41,1.2870824315945912,17.14,0.2566373986958,2067003904,0.001984126984126984,19841.26984126984,58.0
151,EA,143.95,41290488380.0,34.87,0.637465204467935,5.24,0.2157150731720364,5824458383,0.001984126984126984,19841.26984126984,137.0
152,EBAY,62.38,43870358343.0,15.38,0.7279092468349005,11,0.2735328795712915,11358220234,0.001984126984126984,19841.26984126984,318.0
153,ECL,230.01,66422609522.0,-51.26,1.110613218358025,10.36,-0.11724718021445867,11522043029,0.001984126984126984,19841.26984126984,86.0
154,ED,79.006,27593175459.0,24.03,0.3226655757625476,1.48,0.09288138069326796,12823335989,0.001984126984126984,19841.26984126984,251.0
155,EFX,240.24,29219532855.0,48.68,0.8077691492954173,8.86,0.1409361729827953,4517302215,0.001984126984126984,19841.26984126984,82.0
156,EIX,60.4,22080280889.0,27.69,0.6939572834611033,1.63,0.06156556586235791,13848834179,0.001984126984126984,19841.26984126984,328.0
157,EL,303.495,110135987414.0,79.1,1.036741069387787,20.01,0.09792283963776151,15184865487,0.001984126984126984,19841.26984126984,65.0
158,EMN,132.48,17844373665.0,37.65,1.1747692543993598,2.95,0.05938197348334951,8761409605,0.001984126984126984,19841.26984126984,149.0
159,EMR,96.93,60120045057.0,27.85,1.1215448098484129,6.5,0.1304587678676095,17894619077,0.001984126984126984,19841.26984126984,204.0
160,EOG,86.48,49701405392.0,821.55,1.5361378046934566,2.38,0.00620237335055428,10877728970,0.001984126984126984,19841.26984126984,229.0
161,EQIX,740.665,65848549042.0,161.88,0.7033068569747681,6.4,0.06782220266862045,6231669435,0.001984126984126984,19841.26984126984,26.0
162,EQR,75.0,28206709160.0,45.08,1.007604442302004,2.8,0.274670382558448,2604483329,0.001984126984126984,19841.26984126984,264.0
163,ES,84.83,29805592793.0,23.9,0.527592096180006,2.06,0.13737641039747378,9458806389,0.001984126984126984,19841.26984126984,233.0
164,ESS,298.4,19551716575.0,44.91,0.9801148349883803,3.13,0.3011968936538874,1485978138,0.001984126984126984,19841.26984126984,66.0
165,ETFC,51.55,10977437550.0,14.51,,,,3181945475,0.001984126984126984,19841.26984126984,384.0
166,ETN,152.73,60545722497.0,42,0.9684176851455903,3.99,0.08361750857509208,18608981869,0.001984126984126984,19841.26984126984,129.0
167,ETR,105.87,22130138153.0,13.48,0.6756756842596939,2,0.15472524371856938,10893066472,0.001984126984126984,19841.26984126984,187.0
168,EVRG,64.06,14468506219.0,,0.46839057944336737,,,,0.001984126984126984,19841.26984126984,309.0
169,EW,90.58,58360652641.0,67.24,1.0772506014287286,12.21,0.19334876292659545,4628110139,0.001984126984126984,19841.26984126984,219.0
170,EXC,45.13,45760495050.0,41.34,0.9002658158360832,1.41,0.03313334573766042,35464646363,0.001984126984126984,19841.26984126984,439.0
171,EXPD,121.97,20438084049.0,24.11,0.7384195795688635,7.07,0.0756344309709487,11578840833,0.001984126984126984,19841.26984126984,162.0
172,EXPE,176.54,24206528142.0,-12.29,1.5948233661664173,20.5,-0.4801706649221692,4301216871,0.001984126984126984,19841.26984126984,112.0
173,EXR,145.79,19558433244.0,33.2,0.5379021531980731,6.89,0.42889346768093656,1422832856,0.001984126984126984,19841.26984126984,136.0
174,F,12.188,47876451506.0,12.25,1.19289913724378,1.39,0.03117071885172022,132153453195,0.001984126984126984,19841.26984126984,1627.0
175,FANG,80.4,14931861481.0,-3.32,1.9432989938747747,1.38,-1.3069228816602572,3113883843,0.001984126984126984,19841.26984126984,246.0
176,FAST,55.19,30880002557.0,36.41,0.9478046319575061,11.43,0.15444617980878922,5826874958,0.001984126984126984,19841.26984126984,359.0
177,FB,324.6,945103101692.0,28.32,1.3177481683195977,7.04,0.3673861398391456,98035928870,0.001984126984126984,19841.26984126984,61.0
178,FBHS,108.233,15087694972.0,24.98,1.1427065732638562,5.2,0.09900049649429653,6484752196,0.001984126984126984,19841.26984126984,183.0
179,FCX,44.462,67311004003.0,35.93,1.8006827983475036,5.96,0.11413096697644562,16290821985,0.001984126984126984,19841.26984126984,446.0
180,FDX,323.707,85393501598.0,27.96,1.16875450439863,3.91,0.04021069086435467,81290013980,0.001984126984126984,19841.26984126984,61.0
181,FE,38.815,20949776015.0,15.73,0.4893763132142055,2.82,0.126915133035607,10929416008,0.001984126984126984,19841.26984126984,511.0
182,FFIV,182.32,11023302266.0,40.39,0.9067659743145366,5.59,0.11297422279834002,2541300137,0.001984126984126984,19841.26984126984,108.0
183,FIS,153.18,94285101263.0,-409.4,0.9992716105909482,2,-0.01826300460498151,12730262995,0.001984126984126984,19841.26984126984,129.0
184,FISV,114.02,77262204960.0,91.08,1.137598059209641,2.4,0.06101998407458904,15505903740,0.001984126984126984,19841.26984126984,174.0
185,FITB,43.475,31081237963.0,15.9,1.4940222897430089,1.54,0.2417528117187497,8669651393,0.001984126984126984,19841.26984126984,456.0
186,FLIR,59.87,7657035831.0,33.41,0,4.16,0.12278470453276967,1996554481,0.001984126984126984,19841.26984126984,331.0
187,FLS,44.3,5748312276.0,44.38,1.4581574281867542,3.32,0.03652348418049611,3730239205,0.001984126984126984,19841.26984126984,447.0
188,FLT,281.47,22700966704.0,31.76,1.2455780364048628,7,0.31922704907827015,2386309056,0.001984126984126984,19841.26984126984,70.0
189,FMC,122.64,16019842932.0,29.65,1.08088282416137,5.12,0.11691703356010388,4598132591,0.001984126984126984,19841.26984126984,161.0
190,FOX,37.016,21264978707.0,,0.8795901568086232,,,,0.001984126984126984,19841.26984126984,536.0
191,FOXA,38.418,21734110550.0,11.11,0.821937861204172,1.97,0.1686667118976027,12499291585,0.001984126984126984,19841.26984126984,516.0
192,FRC,197.4,32871569271.0,,0.9494628404360307,,,,0.001984126984126984,19841.26984126984,100.0
193,FRT,115.77,9163034479.0,74.39,1.180568197471321,3.76,0.14638022236387213,837961772,0.001984126984126984,19841.26984126984,171.0
194,FTI,8.481,3798988248.0,11.48,1.684435729172075,1.04,0.0300991888042441,11843440164,0.001984126984126984,19841.26984126984,2339.0
195,FTNT,210.81,33677793079.0,72.11,1.0967993592768734,35.73,0.1864647835063148,2757057397,0.001984126984126984,19841.26984126984,94.0
196,FTV,71.69,24903636062.0,15.93,0.9519876055330012,2.72,0.3863220799469679,4230612321,0.001984126984126984,19841.26984126984,276.0
197,GD,194.25,55716855335.0,17.37,0.8040451306055515,3.65,0.0760145183144526,42326411488,0.001984126984126984,19841.26984126984,102.0
198,GE,13.379,120839583564.0,-31.65,1.0795487718767465,3.5,-0.05219444643154826,79819095486,0.001984126984126984,19841.26984126984,1483.0
199,GILD,71.7,89606587195.0,294.9,0.4710392146257717,4.6,0.012350267565407441,26396734114,0.001984126984126984,19841.26984126984,276.0
200,GIS,65.39,39065612911.0,16.0,0.4179774351529735,4.53,0.1415200259810936,19330948254.0,0.001984126984126984,19841.26984126984,303.0
201,GL,109.58,11138417304.0,15.25,1.149600173508843,1.4,0.16020043389283103,5102772727.0,0.001984126984126984,19841.26984126984,181.0
202,GLW,46.325,37963715151.0,32.52,1.3370246854512922,3.5,0.094225494529052,12551231782.0,0.001984126984126984,19841.26984126984,428.0
203,GM,57.193,83535683058.0,9.0,1.2051344773082322,1.69,0.07474207140292904,127646479091.0,0.001984126984126984,19841.26984126984,346.0
204,GOOG,2419.0,1588942743101.0,,1.198859057180776,,,,0.001984126984126984,19841.26984126984,8.0
205,GOOGL,2306.29,1637870142986.0,31.7,1.2202606316634663,6.9,0.269749678886117,203447971941,0.001984126984126984,19841.26984126984,8.0
206,GPC,133.212,19903081895.0,378.03,0.90397163971176,5.87,0.0033065219611649356,17118124358,0.001984126984126984,19841.26984126984,148.0
207,GPN,201.44,59713428882.0,92.62,1.2475574506900076,2.3,0.0882946427483985,7722156084,0.001984126984126984,19841.26984126984,98.0
208,GPS,36.52,13723678038.0,-20.5,1.7497157896801163,5.22,-0.04924542285784852,14064323774,0.001984126984126984,19841.26984126984,543.0
209,GRMN,141.02,28264763745.0,25.68,1.0230507841235084,4.93,0.2506651104410627,4579530530,0.001984126984126984,19841.26984126984,140.0
210,GS,387.4,130865200482.0,9.39,1.138156230788082,1.45,0.2460018566698939,60741780331,0.001984126984126984,19841.26984126984,51.0
211,GWW,484.4,24493212212.0,34.32,0.807069375699586,14.1,0.06623915235039528,12232519482,0.001984126984126984,19841.26984126984,40.0
212,HAL,24.26,21995173324.0,-12.04,1.902462466669402,4.07,-0.1378673032093432,13016842151,0.001984126984126984,19841.26984126984,817.0
213,HAS,99.34,13423057018.0,33.74,0.839658951649744,4.72,0.0768146445720875,5572163365,0.001984126984126984,19841.26984126984,199.0
214,HBAN,16.03,16517571415.0,13.89,1.3909439532523846,1.54,0.23068378266660727,5273964477,0.001984126984126984,19841.26984126984,1237.0
215,HBI,20.529,6986595245.0,-21.35,1.1305739344353003,13.88,-0.04953345968490386,6895896795,0.001984126984126984,19841.26984126984,966.0
216,HCA,211.34,69604963859.0,16.38,1.0612094145799562,284.36,0.0878219612117454,53070238184,0.001984126984126984,19841.26984126984,93.0
217,HD,334.437,350944222570.0,27.61,0.7938144215654257,106.13,0.09860766472374174,137558911707,0.001984126984126984,19841.26984126984,59.0
218,HES,89.23,27425984849.0,-67.06,1.5389647242397448,4.63,-0.08063855676821,5329557465,0.001984126984126984,19841.26984126984,222.0
219,HFC,37.0,6083747963.0,-40.57,1.5452385436064366,1.16,-0.01412455736877672,11466581862,0.001984126984126984,19841.26984126984,536.0
220,HIG,69.2,24200171962.0,14.62,0.9581413887002298,1.36,0.08473318867394179,21733993462,0.001984126984126984,19841.26984126984,286.0
221,HII,223.3,8782272514.0,13.4,0.7563890430571301,4.5,0.07399213220672946,9681095885,0.001984126984126984,19841.26984126984,88.0
222,HLT,122.95,34021513419.0,-41.19,1.1716871408758496,-21.9,-0.2596125376396622,3365225772,0.001984126984126984,19841.26984126984,161.0
223,HOLX,63.13,16290473666.0,8.62,0.7262253711334092,4.5,0.3712666212734789,5334280410,0.001984126984126984,19841.26984126984,314.0
224,HON,237.6,160191985452.0,35.83,1.136775231514175,9.08,0.1445950340139043,33038169401,0.001984126984126984,19841.26984126984,83.0
225,HPE,16.56,21632245644.0,-52.04,1.20681842733734,1.4,-0.01649852404783738,28052208404,0.001984126984126984,19841.26984126984,1198.0
226,HPQ,33.303,42557060718.0,14.31,1.2435308774588523,-13.18,0.05883582164228267,58912824217,0.001984126984126984,19841.26984126984,595.0
227,HRB,25.69,4648884243.0,49.37,0.8749021707264413,-8.58,0.033797466022568556,2986841456,0.001984126984126984,19841.26984126984,772.0
228,HRL,46.89,26264410751.0,29.84,0.2571678227374818,3.95,0.09442763422232298,10117618284,0.001984126984126984,19841.26984126984,423.0
229,HSIC,84.3,11584170488.0,29.77,0.9462150092792546,3.39,0.04075522169138928,10464352597,0.001984126984126984,19841.26984126984,235.0
230,HST,17.87,12319647800.0,-14.4,1.3715213351389446,2.07,-0.9288311510542133,988438365,0.001984126984126984,19841.26984126984,1110.0
231,HSY,176.47,37112477705.0,26.31,0.574280677121908,16.19,0.16747333280049423,8752343546,0.001984126984126984,19841.26984126984,112.0
232,HUM,471.97,59572854310.0,16,0.6164653788295991,4.25,0.04881755115712374,81590118779,0.001984126984126984,19841.26984126984,42.0
233,HWM,34.543,14724696985.0,122.1,1.7229705760911596,4,0.03924990362294876,3278162895,0.001984126984126984,19841.26984126984,574.0
234,IBM,149.52,132276204482.0,24.29,0.9167339577365736,6.16,0.07375110719850042,76369217683,0.001984126984126984,19841.26984126984,132.0
235,ICE,117.33,66073471181.0,30.65,0.8606392038972873,3.29,0.2525125448146443,8764896931,0.001984126984126984,19841.26984126984,169.0
236,IDXX,542.52,46306532766.0,69.15,1.1301492795039882,65.7,0.24165058677466847,2946087611,0.001984126984126984,19841.26984126984,36.0
237,IEX,234.4,17580947348.0,45,0.8154936369908831,6.68,0.1628086366755904,2439151574,0.001984126984126984,19841.26984126984,84.0
238,IFF,145.1,35991947481.0,104.54,0.9814576864149351,1.62,0.03120970648527026,6267602857,0.001984126984126984,19841.26984126984,136.0
239,ILMN,391.99,55476325193.0,92,1.0953456129838939,11.8,0.18773016145273652,3592170716,0.001984126984126984,19841.26984126984,50.0
240,INCY,83.58,18742868367.0,37.75,0.8865323855434265,6.77,0.17781330832476558,2734732215,0.001984126984126984,19841.26984126984,237.0
241,INFO,104.959,44199766134.0,80.75,0.0,5.25,0.1243440674052857,4479189657,0.001984126984126984,19841.26984126984,189.0
242,INTC,56.47,225570868245.0,12.83,1.1311424853827103,2.9,0.244782634770377,81309334958,0.001984126984126984,19841.26984126984,351.0
243,INTU,420.93,117733999189.0,64.57,1.2703678448185358,13.33,0.2310494048680481,7913485943,0.001984126984126984,19841.26984126984,47.0
244,IP,65.05,26251615612.0,26.66,1.0198642488678078,3.22,0.04760512345961448,21048057140,0.001984126984126984,19841.26984126984,305.0
245,IPG,33.977,12949581756.0,29.99,1.2188775516112305,4.65,0.04973598990437567,9076764661,0.001984126984126984,19841.26984126984,583.0
246,IPGP,206.26,10530922182.0,55.85,1.2168217531731251,4.14,0.1541395979390098,1349484930,0.001984126984126984,19841.26984126984,96.0
247,IQV,235.96,44702190137.0,112.75,1.0331238860103407,7.58,0.0356409976189057,12173722041,0.001984126984126984,19841.26984126984,84.0
248,IR,50.25,21023321024.0,-237.56,1.2013905134728597,2.3,-0.016524630621350962,5715470979,0.001984126984126984,19841.26984126984,394.0
249,IRM,45.671,12724488808.0,39.9,0.5713410315411807,13.02,0.0814117101422633,4165854854,0.001984126984126984,19841.26984126984,434.0
250,ISRG,831.82,100277101805.0,84.67,1.3682189788544632,9.74,0.26406146752757487,4723305029,0.001984126984126984,19841.26984126984,23.0
251,IT,231.36,20528291052.0,58.92,1.2256669699429181,22.35,0.0862110548807492,4334796894,0.001984126984126984,19841.26984126984,85.0
252,ITW,243.0,78452758871.0,34.8,0.8422477869794825,23.24,0.1760654845429926,13298909668,0.001984126984126984,19841.26984126984,81.0
253,IVZ,28.76,12865130045.0,18.45,1.5408085639444276,0.9027,0.11565763615937462,6419405068,0.001984126984126984,19841.26984126984,689.0
254,J,142.52,18921316407.0,32.1,0.9369022220156827,3,0.04426134035691422,13995130087,0.001984126984126984,19841.26984126984,139.0
255,JBHT,182.62,19533005749.0,34.65,0.698773090026245,6.96,0.0556536260241237,10313566758,0.001984126984126984,19841.26984126984,108.0
256,JCI,68.87,48971998436.0,46.07,0.8162213120506434,2.7,0.04923914057157194,22617471120,0.001984126984126984,19841.26984126984,288.0
257,JKHY,158.458,11844288826.0,42.14,0.7270009995594666,9.13,0.17651925353260642,1740720588,0.001984126984126984,19841.26984126984,125.0
258,JNJ,178.25,469995538077.0,31.1,0.5410698771405859,6.96,0.18215957102446403,85983239378,0.001984126984126984,19841.26984126984,111.0
259,JNPR,27.689,9035277781.0,43.22,0.9676203164944894,2.01,0.04773269570895992,4669926195,0.001984126984126984,19841.26984126984,716.0
260,JPM,169.994,517614147529.0,13.35,1.0761392087851316,2.03,0.30336669198794053,132348558527,0.001984126984126984,19841.26984126984,116.0
261,K,68.29,22944918657.0,18.67,0.408080230820547,7.48,0.0930768960447219,13943221464,0.001984126984126984,19841.26984126984,290.0
262,KEY,23.76,23356750163.0,13.93,1.4774822886868455,1.45,0.24098203232799706,7420183278,0.001984126984126984,19841.26984126984,835.0
263,KEYS,140.18,26414901410.0,42.7,0.9065761952518233,7.51,0.15461026943522566,4397829394,0.001984126984126984,19841.26984126984,141.0
264,KHC,44.513,55945041128.0,102.22,0.7186577163309206,1.1,0.021065746425962033,27270301131,0.001984126984126984,19841.26984126984,445.0
265,KIM,21.35,9361723173.0,9.21,1.4141073417283168,1.66,0.9930560335860981,1054069086,0.001984126984126984,19841.26984126984,929.0
266,KLAC,297.91,46251216246.0,25.91,1.695615144399121,15.17,0.3008800996179002,6592789077,0.001984126984126984,19841.26984126984,66.0
267,KMB,135.9,46862147686.0,20.69,0.2836803240054475,89.67,0.12359562642124307,19018315458,0.001984126984126984,19841.26984126984,145.0
268,KMI,18.9,44386666597.0,23.96,0.9945768608996132,1.29,0.13777183343209992,14458706595,0.001984126984126984,19841.26984126984,1049.0
269,KMX,124.9,20441504332.0,28.72,1.0337748678336134,4.8,0.04111411794805776,19144600933,0.001984126984126984,19841.26984126984,158.0
270,KO,55.465,238857986696.0,32.98,0.790998848456411,12.05,0.2227213158059001,33766477368,0.001984126984126984,19841.26984126984,357.0
271,KR,37.91,28607786698.0,11.4,0.12789617014388113,2.98,0.02014202771289072,136333410570,0.001984126984126984,19841.26984126984,523.0
272,KSS,64.9,10247167486.0,-62.16,1.7310404036020202,1.92,-0.01065870343266173,16007645668,0.001984126984126984,19841.26984126984,305.0
273,KSU,306.6,28284636560.0,45.05,0.8809534413333677,6.8,0.2469127755328174,2703783877,0.001984126984126984,19841.26984126984,64.0
274,L,60.87,15399605270.0,-427.84,1.19820045757935,0.94,-0.0027669870532954677,14881813063,0.001984126984126984,19841.26984126984,325.0
275,LB,73.34,19992290441.0,24.3,1.6729224868955344,-29.48,0.07301970558485336,11960333516,0.001984126984126984,19841.26984126984,270.0
276,LDOS,104.72,15197357136.0,21.04,0.7518124578584707,3.85,0.05769987098679428,12903293549,0.001984126984126984,19841.26984126984,189.0
277,LEG,58.08,7499657620.0,26.46,1.235728168007654,5.31,0.06683365798634612,4531373886,0.001984126984126984,19841.26984126984,341.0
278,LEN,99.51,30295419649.0,10.16,1.2184900711676465,1.64,0.13260360350822153,23663032982,0.001984126984126984,19841.26984126984,199.0
279,LH,278.503,27416503194.0,10.43,0.5262399718961961,2.69,0.17638379607874397,15740361553,0.001984126984126984,19841.26984126984,71.0
280,LHX,226.32,45429470999.0,34.97,0.7162047343246905,2.24,0.07773995724855112,18680811288,0.001984126984126984,19841.26984126984,87.0
281,LIN,302.45,160522646628.0,57.21,1.05965404610292,3.47,0.11003059254725046,28385394587,0.001984126984126984,19841.26984126984,65.0
282,LKQ,53.53,15901105101.0,20.45,1.1391644084870463,2.62,0.06742582094206323,11881318869,0.001984126984126984,19841.26984126984,370.0
283,LLY,203.031,187827058010.0,30.56,0.6070741373038547,28.55,0.2413938505081164,25736906282,0.001984126984126984,19841.26984126984,97.0
284,LMT,402.2,111723484298.0,16.19,0.667730029146327,17.21,0.1086140066668928,67266439013,0.001984126984126984,19841.26984126984,49.0
285,LNC,73.52,13708173039.0,20.25,1.73161658511005,0.6883,0.03754091929334481,18424186054,0.001984126984126984,19841.26984126984,269.0
286,LNT,56.846,14485768164.0,23.46,0.5051711273426522,2.55,0.18133822133327668,3556280852,0.001984126984126984,19841.26984126984,349.0
287,LOW,194.69,144608930484.0,25.95,0.898836554340415,103.17,0.0671139411470306,92970424950,0.001984126984126984,19841.26984126984,101.0
288,LRCX,616.33,86123291459.0,25.57,1.7406217835851137,17,0.2704346237787305,13506808997,0.001984126984126984,19841.26984126984,32.0
289,LUV,63.33,37768931494.0,-13.34,1.3584310155873105,4.05,-0.426768529435924,6883929197,0.001984126984126984,19841.26984126984,313.0
290,LVS,57.183,44693722855.0,-22.72,1.040092378231501,16.86,-0.6587025217948017,3084428326,0.001984126984126984,19841.26984126984,346.0
291,LW,80.55,11795420748.0,46.53,1.27854772345956,25.61,0.07254115651351505,3583470171,0.001984126984126984,19841.26984126984,246.0
292,LYB,116.89,38847434409.0,16.49,1.461151635468675,4.4,0.08027636753295372,30581912746,0.001984126984126984,19841.26984126984,169.0
293,LYV,87.59,18934993222.0,-10.25,1.4834795634971796,-26.08,-2.429126618208213,819772499,0.001984126984126984,19841.26984126984,226.0
294,MA,376.718,360028807983.0,56.64,1.3818173328237306,57.77,0.427976083017888,16100721025,0.001984126984126984,19841.26984126984,52.0
295,MAA,164.0,18875450372.0,68.96,0.7088399119794777,3.11,0.16010073220073276,1723078350,0.001984126984126984,19841.26984126984,120.0
296,MAR,144.62,46184550850.0,211.22,1.5356591674240396,199.59,0.027768667615805053,8401238231,0.001984126984126984,19841.26984126984,137.0
297,MAS,66.66,16309285680.0,22.17,0.850794599083552,-985.36,0.10522553849299797,7724481806,0.001984126984126984,19841.26984126984,297.0
298,MCD,234.8,181423201218.0,34.1,0.6048635474374275,-24.1,0.2647114461133689,19630636013,0.001984126984126984,19841.26984126984,84.0
299,MCHP,146.5,39027944656.0,116.98,1.6989630352671294,7.45,0.0647377039114822,5319072068,0.001984126984126984,19841.26984126984,135.0
300,MCK,206.7,32163188427.0,-7.18,0.879502530335188,-1517.85,-0.019808460459789918,240517922387.0,0.001984126984126984,19841.26984126984,95.0
301,MCO,341.15,64048080072.0,31.92,0.9560398623797222,30.9,0.3720845029336891,5749365661.0,0.001984126984126984,19841.26984126984,58.0
302,MDLZ,64.514,90670770570.0,24.17,0.6957485225404797,3.32,0.14096190794391603,28197669108.0,0.001984126984126984,19841.26984126984,307.0
303,MDT,129.3,173413111003.0,58.77,0.9004662063006849,3.43,0.10831598845906205,28960256824.0,0.001984126984126984,19841.26984126984,153.0
304,MET,67.518,60336847549.0,55.63,1.222007279431647,0.8935,0.017556015861187546,66508145900.0,0.001984126984126984,19841.26984126984,293.0
305,MGM,40.33,19470315490.0,-8.89,1.8358986222478024,3.1,-0.4841134461009374,4696933607.0,0.001984126984126984,19841.26984126984,491.0
306,MHK,219.58,15593571039.0,25.32,1.368955023540983,1.9,0.06509627971139587,10197027518.0,0.001984126984126984,19841.26984126984,90.0
307,MKC,92.17,24299500254.0,31.9,0.0,5.86,0.13051099406128566,5975652575.0,0.001984126984126984,19841.26984126984,215.0
308,MKTX,457.089,17324219161.0,58.98,0.7508006107983651,18.04,0.4268591959446114,735999327.0,0.001984126984126984,19841.26984126984,43.0
309,MLM,391.6,23709370300.0,31.77,1.0885568245037653,4.0,0.1626468148624819,4836852754.0,0.001984126984126984,19841.26984126984,50.0
310,MMC,135.6,68873307301.0,31.17,0.7152627242138574,7.49,0.12869359530728164,18439658244.0,0.001984126984126984,19841.26984126984,146.0
311,MMM,214.418,119256005735.0,21.92,0.6408441130543909,8.82,0.1767406737898339,33790461539.0,0.001984126984126984,19841.26984126984,92.0
312,MNST,94.591,49634215900.0,33.8,0.95002976267663,8.98,0.3084433973509293,4845918721.0,0.001984126984126984,19841.26984126984,209.0
313,MO,52.26,93032219616.0,21.64,0.76422041061218,32.28,0.17279011736755648,26619540577.0,0.001984126984126984,19841.26984126984,379.0
314,MOS,37.886,14739085165.0,14.11,1.4187819486823443,1.45,0.11644180388541965,9272289228.0,0.001984126984126984,19841.26984126984,523.0
315,MPC,63.0,41461474239.0,-49.14,1.535924975446196,1.88,-0.012526948038901819,70224267723.0,0.001984126984126984,19841.26984126984,314.0
316,MRK,80.852,205531624633.0,28.88,0.560023940237854,7.57,0.14946187256479437,49397129315.0,0.001984126984126984,19841.26984126984,245.0
317,MRO,12.644,9999343341.0,-7.5,1.8346318357396707,0.8822,-0.4157042699267527,3380649043.0,0.001984126984126984,19841.26984126984,1569.0
318,MS,89.4,171185034777.0,11.65,1.2211849819419385,1.66,0.23593073818863206,57655798745.0,0.001984126984126984,19841.26984126984,221.0
319,MSCI,457.66,38145603115.0,59.78,1.0950826534186189,-81.26,0.3791795115198148,1819748693.0,0.001984126984126984,19841.26984126984,43.0
320,MSFT,247.5,1904447626091.0,34.55,1.222166225068865,14.1,0.3582209307287807,162417516105.0,0.001984126984126984,19841.26984126984,80.0
321,MSI,209.13,34184978535.0,35.5,0.9361201640690597,-70.24,0.13455501571911285,7640108804.0,0.001984126984126984,19841.26984126984,94.0
322,MTB,171.38,22278435316.0,15.07,1.2748832014144946,1.42,0.24314342504254,6353130313.0,0.001984126984126984,19841.26984126984,115.0
323,MTD,1275.86,29389981566.0,46.83,0.9653771630177568,151.05,0.2019998074818515,3252423981.0,0.001984126984126984,19841.26984126984,15.0
324,MU,83.39,93683372369.0,29.92,1.4972626239312141,2.2,0.142263192902583,24138908927.0,0.001984126984126984,19841.26984126984,237.0
325,MXIM,93.64,24958450617.0,32.92,1.261640701748159,11.81,0.3195877932608846,2562110576.0,0.001984126984126984,19841.26984126984,211.0
326,MYL,16.04,8743409407.0,31.43,,,,11930298959.0,0.001984126984126984,19841.26984126984,1236.0
327,NBL,8.83,4211997847.0,-0.75,,,,4596586401.0,0.001984126984126984,19841.26984126984,2247.0
328,NCLH,29.84,6356446964.0,-2.38,2.187674544615107,1.4,-101.74690176215431,37666445.0,0.001984126984126984,19841.26984126984,664.0
329,NDAQ,166.74,26898666128.0,27.8,0.9255714794588301,4.46,0.17568974880397498,6218268993.0,0.001984126984126984,19841.26984126984,118.0
330,NEE,74.39,145808259592.0,34.66,0.7364446332471342,3.95,0.2439728740914214,17511597275.0,0.001984126984126984,19841.26984126984,266.0
331,NEM,75.46,61972856576.0,24.35,0.608717296251863,2.46,0.2186104780909262,12001218125.0,0.001984126984126984,19841.26984126984,262.0
332,NFLX,510.96,218137465164.0,59.39,0.984212092345924,16.95,0.14308887181286775,27141364727.0,0.001984126984126984,19841.26984126984,38.0
333,NI,25.85,10003863623.0,69.75,0.4873454610706237,2,0.03253728712198511,4756780005.0,0.001984126984126984,19841.26984126984,767.0
334,NKE,136.6,216069074568.0,65.59,0.9086181813608131,18.02,0.0901511163324402,38896847476.0,0.001984126984126984,19841.26984126984,145.0
335,NLOK,27.112,15652440632.0,27.73,0.6638559818236397,-32.39,0.3234352151527755,1972936509.0,0.001984126984126984,19841.26984126984,731.0
336,NLSN,29.196,10264110771.0,17.44,1.0636947694068664,3.41,0.10962939262496475,5815089331.0,0.001984126984126984,19841.26984126984,679.0
337,NOC,378.405,61362534019.0,14.18,0.5600629840884374,5.86,0.12344430223197153,37789175649.0,0.001984126984126984,19841.26984126984,52.0
338,NOV,18.815,7245574275.0,-11.31,1.813972587040568,1.39,-0.1166978846582246,5615399780.0,0.001984126984126984,19841.26984126984,1054.0
339,NOW,460.25,89780289603.0,606.95,1.1756193304593998,30.41,0.03207110155129303,5069175993.0,0.001984126984126984,19841.26984126984,43.0
340,NRG,34.36,8713205089.0,28.01,0.9655107121181201,5.81,0.02062998394249934,15759539660.0,0.001984126984126984,19841.26984126984,577.0
341,NSC,298.8,74586787223.0,31.67,0.9905173136472,5.14,0.2411908120134575,10204547719.0,0.001984126984126984,19841.26984126984,66.0
342,NTAP,81.096,17883847397.0,30.21,1.3282352269334805,38.01,0.10786315540520654,5622300779.0,0.001984126984126984,19841.26984126984,244.0
343,NTRS,126.23,25471071222.0,22.1,1.0457097030844753,2.39,0.19048393508927566,6463971071.0,0.001984126984126984,19841.26984126984,157.0
344,NUE,108.56,32430285114.0,20.46,1.2197536924788863,2.72,0.0770667106675953,21717608244.0,0.001984126984126984,19841.26984126984,182.0
345,NVDA,584.073,359936083057.0,82.82,1.5679663877267231,21.81,0.2605312303821919,17499349752.0,0.001984126984126984,19841.26984126984,33.0
346,NVR,5070.51,18582453359.0,20.17,1.1252205793499688,5.93,0.12218727374692816,8254629498.0,0.001984126984126984,19841.26984126984,3.0
347,NWL,30.587,12868696181.0,21.4,0.9705816943259208,3.23,0.06406072858577161,9790361005.0,0.001984126984126984,19841.26984126984,648.0
348,NWS,25.14,15673582437.0,,1.038121826879131,,,,0.001984126984126984,19841.26984126984,789.0
349,NWSA,27.8,16245976176.0,-311.87,0.9845155515125834,1.94,-0.006299879133660779,8899543215,0.001984126984126984,19841.26984126984,713.0
350,O,66.15,25488125810.0,70.1,0.8068021687674871,2.2,0.21062032410055648,1699314619,0.001984126984126984,19841.26984126984,299.0
351,ODFL,270.299,32280221146.0,44.9,0.8868322013148667,9.8,0.17874099602475363,4302696576,0.001984126984126984,19841.26984126984,73.0
352,OKE,55.82,25046923556.0,22.1,1.606522923055577,4.14,0.12365286055158173,10001869276,0.001984126984126984,19841.26984126984,355.0
353,OMC,83.44,18125194493.0,18.85,0.8893961673894848,5.7,0.0744020422103503,13803401939,0.001984126984126984,19841.26984126984,237.0
354,ORCL,82.93,235763774259.0,19.59,0.6839294590240355,25.8,0.3284039612025396,40935563010,0.001984126984126984,19841.26984126984,239.0
355,ORLY,558.48,38686957575.0,21.56,0.6169239935458624,-5598.65,0.15991857904793758,12360501397,0.001984126984126984,19841.26984126984,35.0
356,OTIS,80.26,34136950924.0,33.5,0.7667669234790369,-8.75,0.07973255560488081,13488474905,0.001984126984126984,19841.26984126984,247.0
357,OXY,27.007,24761985625.0,-1.8,2.196942519880755,2.85,-0.8507318510136002,17514070162,0.001984126984126984,19841.26984126984,734.0
358,PAYC,334.1,19482917245.0,135.16,1.540697277910312,26.71,0.16988207690806834,884165773,0.001984126984126984,19841.26984126984,59.0
359,PAYX,100.89,37708217826.0,35.7,1.09244813466464,12.34,0.2714662313137159,4122499077,0.001984126984126984,19841.26984126984,196.0
360,PBCT,20.35,8416643562.0,37.3,1.1592570683606749,1.14,0.10691259839047496,2221796530,0.001984126984126984,19841.26984126984,975.0
361,PCAR,96.66,33826426988.0,24.3,0.9205052467068449,3.21,0.07482412541420073,19561953254,0.001984126984126984,19841.26984126984,205.0
362,PEAK,34.21,18118466461.0,66.61,1.0666791043537605,2.66,0.19102565551377518,1520816902,0.001984126984126984,19841.26984126984,579.0
363,PEG,63.07,31811546447.0,,0.6828771563482072,,,,0.001984126984126984,19841.26984126984,314.0
364,PEP,153.08,205379162897.0,28.1,0.6549710379014654,14.54,0.10874057690965776,71609726155,0.001984126984126984,19841.26984126984,129.0
365,PFE,41.932,230788632495.0,20.53,0.5311506046391453,3.3,0.251402174155811,45680598799,0.001984126984126984,19841.26984126984,473.0
366,PFG,69.91,19008673405.0,11.43,1.394910182774888,1.21,0.12476279918466761,14188939901,0.001984126984126984,19841.26984126984,283.0
367,PG,140.65,352207325375.0,26.35,0.4976301944989738,7.48,0.188349390607256,75901960826,0.001984126984126984,19841.26984126984,141.0
368,PGR,111.45,63778434860.0,9.78,0.6584501244417269,3.67,0.14963583505744424,46229327793,0.001984126984126984,19841.26984126984,178.0
369,PH,324.822,41696584741.0,27.3,1.2842944963023217,5.66,0.11761317656818382,13695503745,0.001984126984126984,19841.26984126984,61.0
370,PHM,58.93,15647767076.0,10.57,1.2156275508281633,2.3,0.13649410183497573,11686795157,0.001984126984126984,19841.26984126984,336.0
371,PKG,161.775,15146744154.0,30.9,0.859468297953238,4.5,0.0717276914767055,6771640480,0.001984126984126984,19841.26984126984,122.0
372,PKI,146.07,16548002166.0,15.2,0.9523075126330155,4.02,0.24622260509915028,4546690462,0.001984126984126984,19841.26984126984,135.0
373,PLD,117.5,88030503199.0,65.46,0.9332058917275781,2.73,0.3007343859947,4682228261,0.001984126984126984,19841.26984126984,168.0
374,PM,98.35,154402761156.0,17.84,0.6289152528634072,-13.5,0.2915456341516017,31154162123,0.001984126984126984,19841.26984126984,201.0
375,PNC,208.76,88610873896.0,10.58,1.123221133680077,1.59,0.48959724153540846,17601151062,0.001984126984126984,19841.26984126984,95.0
376,PNR,68.07,11677496703.0,28.46,1.0081635194430592,5.25,0.1323657049471921,3298955993,0.001984126984126984,19841.26984126984,291.0
377,PNW,87.45,10004665735.0,17.48,0.5662837082660194,1.77,0.1552400237752813,3755912050,0.001984126984126984,19841.26984126984,226.0
378,PPG,187.02,43838432794.0,37.02,0.984275954149356,7.37,0.08370949610668914,14715524424,0.001984126984126984,19841.26984126984,106.0
379,PPL,30.68,22731728486.0,-25.25,0.6773619021566707,1.95,-0.135217324251294,7224020462,0.001984126984126984,19841.26984126984,646.0
380,PRGO,47.231,6157214089.0,-26.98,0.6805553968111511,1.1,-0.05092935397009005,4748438709,0.001984126984126984,19841.26984126984,420.0
381,PRU,109.14,43240337277.0,16.27,1.3255463534848397,0.736,0.04502929281861563,63370315897,0.001984126984126984,19841.26984126984,181.0
382,PSA,282.79,49345426841.0,41.9,0.4174065614642112,10.22,0.397920874949689,3025004257,0.001984126984126984,19841.26984126984,70.0
383,PSX,89.38,40077212412.0,-18.74,1.461384378476861,2.17,-0.033588804749839926,65583965696,0.001984126984126984,19841.26984126984,221.0
384,PVH,119.11,8698628514.0,-7.57,1.6714133720505078,1.73,-0.1658042281400507,7298602679,0.001984126984126984,19841.26984126984,166.0
385,PWR,101.25,14100867236.0,28.52,1.0857615793727,3.1,0.04657965119374372,11621828871,0.001984126984126984,19841.26984126984,195.0
386,PXD,164.11,41143152280.0,-51.58,1.3147154474896372,2.21,-0.0719131920905875,8313396938,0.001984126984126984,19841.26984126984,120.0
387,PYPL,256.3,298364600415.0,58.28,1.3188037094666576,15.48,0.2388969683935419,23506488961,0.001984126984126984,19841.26984126984,77.0
388,QCOM,132.21,146703050922.0,18.89,1.474704669894464,20.52,0.2860557791207474,29875936064,0.001984126984126984,19841.26984126984,150.0
389,QRVO,175.04,19980889360.0,41.7,1.684088372940537,4.4,0.13198215270996927,3792463267,0.001984126984126984,19841.26984126984,113.0
390,RCL,88.39,21610160247.0,-3.5,2.005053759286928,2.38,-26.121648523037397,220795282,0.001984126984126984,19841.26984126984,224.0
391,RE,274.4,13874913514.0,13.37,0.9442386752053643,1.5,0.08272789090228685,10747071159,0.001984126984126984,19841.26984126984,72.0
392,REG,64.6,11308082378.0,73.8,1.1745239303873352,1.81,0.15522543496352112,1038837105,0.001984126984126984,19841.26984126984,307.0
393,REGN,545.26,55347349713.0,14.93,0.7231495679915111,4.68,0.4558697099308821,9403666725,0.001984126984126984,19841.26984126984,36.0
394,RF,24.141,22525114027.0,15.7,1.5332991666531606,1.4,0.2219755259146104,6906990880,0.001984126984126984,19841.26984126984,821.0
395,RHI,90.615,10375468502.0,32.54,1.0408598903061606,8.65,0.06559443679454387,5180279675,0.001984126984126984,19841.26984126984,218.0
396,RJF,137.87,18498126566.0,17.94,1.2261225842912618,2.51,0.121193874057416,8821381701,0.001984126984126984,19841.26984126984,143.0
397,RL,140.81,10424932621.0,-36.11,1.1495615031404869,3.88,-0.0702598779658741,4517196441,0.001984126984126984,19841.26984126984,140.0
398,RMD,197.222,28464972394.0,65.33,0.8064014864028393,10.6,0.1511098068793849,3172950075,0.001984126984126984,19841.26984126984,100.0
399,ROK,271.12,30885026823.0,20.14,0.9074184751059207,17.78,0.2587620971205558,6324335071,0.001984126984126984,19841.26984126984,73.0
400,ROL,37.56,18456473655.0,57.29,0.7485616390823044,19.11,0.1466009524784018,2301863364.0,0.001984126984126984,19841.26984126984,528.0
401,ROP,437.0,47324596342.0,47.9,0.7910053510073051,4.37,0.1752984467080965,5750650823.0,0.001984126984126984,19841.26984126984,45.0
402,ROST,128.61,47431086730.0,542.84,1.2343295029785513,14.42,0.007001341188875594,12628310509.0,0.001984126984126984,19841.26984126984,154.0
403,RSG,114.37,36598358273.0,36.28,0.70732342067871,4.29,0.10090448385947197,10261811035.0,0.001984126984126984,19841.26984126984,173.0
404,RTX,88.52,132914560648.0,-51.25,1.261972473229075,1.85,-0.051956543893200265,54705345906.0,0.001984126984126984,19841.26984126984,224.0
405,SBAC,298.75,31922383122.0,244.38,0.5479231870916778,-6.55,0.06792656737867352,2208675166.0,0.001984126984126984,19841.26984126984,66.0
406,SBUX,112.4,131427269789.0,136.66,1.0832899525449948,-17.7,0.04374532879002715,24734539829.0,0.001984126984126984,19841.26984126984,176.0
407,SCHW,74.387,143466277687.0,32.38,1.0775199745037172,3.14,0.26347849999059925,14440213809.0,0.001984126984126984,19841.26984126984,266.0
408,SEE,58.09,8981448078.0,18.8,0.8071047563390039,88.2,0.10140227065056552,5120555693.0,0.001984126984126984,19841.26984126984,341.0
409,SHW,286.92,77497709814.0,55.17,0.7135827456012187,24.94,0.11251515537894122,19315397843.0,0.001984126984126984,19841.26984126984,69.0
410,SIVB,594.75,32716660985.0,19.0,1.367286138681648,3.72,0.3534608102918433,4768257091.0,0.001984126984126984,19841.26984126984,33.0
411,SJM,139.77,14812616321.0,16.58,0.36154437050131,1.83,0.1198070348145253,8257886409.0,0.001984126984126984,19841.26984126984,141.0
412,SLB,34.746,47859853615.0,-17.52,1.563395464174454,3.72,-0.1388209472937177,22032198773.0,0.001984126984126984,19841.26984126984,571.0
413,SLG,76.8,5267687130.0,24.58,1.5949352205314034,1.05,0.25127586007859976,987466675.0,0.001984126984126984,19841.26984126984,258.0
414,SNA,265.2,14221698837.0,21.12,0.9095757531928667,3.65,0.1683275726037599,4270416616.0,0.001984126984126984,19841.26984126984,74.0
415,SNPS,239.5,36135086202.0,51.97,1.3051115765315502,7.49,0.19207039475528495,3825512874.0,0.001984126984126984,19841.26984126984,82.0
416,SO,64.526,68822783502.0,20.29,0.5604324945650091,2.47,0.16694372332849314,21938380283.0,0.001984126984126984,19841.26984126984,307.0
417,SPG,127.14,40566463866.0,35.1,1.7267589868578224,13.5,0.25353615769587895,4626734744.0,0.001984126984126984,19841.26984126984,156.0
418,SPGI,388.633,92332712989.0,36.92,0.9625610350852736,88.8,0.3280648056385826,7720453152.0,0.001984126984126984,19841.26984126984,51.0
419,SRE,142.07,43113372257.0,10.65,0.6959844605863452,1.9,0.3505537486907968,11968861086.0,0.001984126984126984,19841.26984126984,139.0
420,STE,200.0,17139930190.0,40.77,0.7776490018841011,4.44,0.1466639240262095,3182614313.0,0.001984126984126984,19841.26984126984,99.0
421,STT,86.96,30359024096.0,14.33,1.3293225324252687,1.37,0.1844892426092765,11911770958.0,0.001984126984126984,19841.26984126984,228.0
422,STX,105.23,24096646614.0,26.41,0.829302998547828,47.3,0.10194181402933462,10403595743.0,0.001984126984126984,19841.26984126984,188.0
423,STZ,241.63,46922403699.0,23.36,0.9624500489803807,3.43,0.21612922613527213,9412985616.0,0.001984126984126984,19841.26984126984,82.0
424,SWK,217.12,35080640833.0,22.22,1.0875001447870103,3.58,0.10429135758602949,15664198700.0,0.001984126984126984,19841.26984126984,91.0
425,SWKS,171.21,28356422547.0,23.6,1.6819613594102172,6.01,0.2859537373042687,4489658778.0,0.001984126984126984,19841.26984126984,115.0
426,SYF,47.69,27570161369.0,13.34,1.564326487210735,2.17,0.13119952929164727,16590687333.0,0.001984126984126984,19841.26984126984,416.0
427,SYK,255.74,99239469074.0,71.32,1.130214057587239,7.16,0.09986125380168899,15414309417.0,0.001984126984126984,19841.26984126984,77.0
428,SYY,87.97,43456953708.0,-182.34,1.334231228871984,30.8,-0.005755540079786746,45269072468.0,0.001984126984126984,19841.26984126984,225.0
429,T,32.806,227131769973.0,-96.52,0.5279670217408503,1.39,-0.014641455526720437,174200270525.0,0.001984126984126984,19841.26984126984,604.0
430,TAP,58.24,13143754537.0,-17.62,0.7993706921692324,1.0,-0.08224755815420255,9573996764.0,0.001984126984126984,19841.26984126984,340.0
431,TDG,625.2,33475568473.0,218.91,1.2497069084471009,-9.5,0.03559419666715653,4581669900.0,0.001984126984126984,19841.26984126984,31.0
432,TDY,428.53,16030615012.0,40.44,1.015189104837957,4.84,0.13649661964123108,3199847026.0,0.001984126984126984,19841.26984126984,46.0
433,TEL,138.23,44752386056.0,43.07,1.1952965424320814,4.61,0.08270447839686308,13393889383.0,0.001984126984126984,19841.26984126984,143.0
434,TFC,64.98,87324479674.0,19.18,1.4017191755313667,1.42,0.1937023346323627,24609642834.0,0.001984126984126984,19841.26984126984,305.0
435,TFX,411.026,18430407745.0,68.3,0.9588212015808601,5.56,0.11320327439193766,2584667380.0,0.001984126984126984,19841.26984126984,48.0
436,TGT,218.07,109306227352.0,24.4,0.5552894093153571,7.54,0.04885496271461526,94490313159.0,0.001984126984126984,19841.26984126984,90.0
437,TIF,132.11,16575591482.0,58.3,0.250634201178015,5.05,0.07867705430009717,3829635716.0,0.001984126984126984,19841.26984126984,150.0
438,TJX,74.837,91046711619.0,995.66,1.0249142230604522,15.32,0.0028544591221963084,33612461930.0,0.001984126984126984,19841.26984126984,265.0
439,TMO,467.9,185067431983.0,23.19,0.7754913715710752,5.39,0.22870169492985903,36330832461.0,0.001984126984126984,19841.26984126984,42.0
440,TMUS,142.84,177131235929.0,59.5,0.8543917866735155,2.79,0.04128834780695399,78847097980.0,0.001984126984126984,19841.26984126984,138.0
441,TPR,47.62,13384340787.0,39.31,1.1190671272511612,4.49,0.07134151103375076,5022717678.0,0.001984126984126984,19841.26984126984,416.0
442,TROW,198.95,44259458115.0,,1.162164098736564,,,,0.001984126984126984,19841.26984126984,99.0
443,TRV,168.38,41457271385.0,15.04,0.9567432204431422,1.44,0.0908439974955644,32713550520,0.001984126984126984,19841.26984126984,117.0
444,TSCO,193.0,22499048631.0,26.23,0.6086377112885355,11.72,0.07401384558362553,11828364692,0.001984126984126984,19841.26984126984,102.0
445,TSN,83.4,30506133419.0,14.22,0.7421547273996925,1.9,0.0485845517129137,43471079207,0.001984126984126984,19841.26984126984,237.0
446,TT,186.17,44095394287.0,40.94,0.965771440815682,7,0.08918939119145759,13117726062,0.001984126984126984,19841.26984126984,106.0
447,TTWO,169.37,19502974844.0,39.3,0.7047238846085376,6.4,0.15340867990969073,3296977671,0.001984126984126984,19841.26984126984,117.0
448,TWTR,53.137,42163180907.0,-40.28,1.394777370588296,5.47,-0.277134475169066,4051314790,0.001984126984126984,19841.26984126984,373.0
449,TXN,183.49,171508056699.0,28.49,1.3448991955407121,16.85,0.4078424258788363,15560026978,0.001984126984126984,19841.26984126984,108.0
450,TXT,70.27,15883460806.0,36.34,1.5307580522799054,2.57,0.03684555204504373,12194157225,0.001984126984126984,19841.26984126984,282.0
451,TYL,411.18,16475658853.0,93,0.780711584300831,8.21,0.166312919618149,1186715148,0.001984126984126984,19841.26984126984,48.0
452,UA,19.54,10348306446.0,,1.2055235195647072,,,,0.001984126984126984,19841.26984126984,1015.0
453,UAA,23.85,10183919555.0,92.32,1.2313569893308964,5.52,0.02485323353472985,4939361252,0.001984126984126984,19841.26984126984,831.0
454,UAL,58.81,18805070031.0,,1.9507299306834314,,,,0.001984126984126984,19841.26984126984,337.0
455,UDR,48.074,14308011719.0,239.46,1.013671956179058,4.72,0.04753419073840207,1227957074,0.001984126984126984,19841.26984126984,412.0
456,UHS,168.3,13790388365.0,13.94,1.0633592207065279,2.16,0.08962596926979778,12062031454,0.001984126984126984,19841.26984126984,117.0
457,ULTA,345.62,18923523547.0,106.94,1.1977646928802603,9.22,0.02968557853591399,6344645917,0.001984126984126984,19841.26984126984,57.0
458,UNH,414.18,400983342167.0,24.31,0.8871649699965899,5.93,0.0648007785529121,275986016660,0.001984126984126984,19841.26984126984,47.0
459,UNM,31.2,6563486080.0,8.3,1.5535144039181334,0.607,0.05882852152155544,13652803733,0.001984126984126984,19841.26984126984,635.0
460,UNP,230.96,149998768762.0,29.14,1.0134631605808764,9.57,0.2787388730472295,19651264391,0.001984126984126984,19841.26984126984,85.0
461,UPS,224.85,195236905605.0,37.24,0.91822050963261,27.19,0.0583165146548471,93104017117,0.001984126984126984,19841.26984126984,88.0
462,URI,353.2,24954599102.0,27.95,1.5598746102511452,5.26,0.10907404249993265,8636962442,0.001984126984126984,19841.26984126984,56.0
463,USB,63.522,96642087811.0,16.82,1.1800843729709123,2.02,0.2459502919756573,25283398860,0.001984126984126984,19841.26984126984,312.0
464,V,234.57,505549049488.0,49.06,1.117412345392248,15.24,0.5129387514902942,21451822844,0.001984126984126984,19841.26984126984,84.0
465,VAR,180.32,16704100915.0,59.93,0.750612857618517,7.34,0.0916121046316542,3223329629,0.001984126984126984,19841.26984126984,110.0
466,VFC,86.85,34501768824.0,-206.6,1.3141975970722717,10.71,-0.02140110218657119,8318888704,0.001984126984126984,19841.26984126984,228.0
467,VIAC,38.619,25482821905.0,8.89,0.440669508846229,1.35,0.10912214682694507,26165308251,0.001984126984126984,19841.26984126984,513.0
468,VLO,83.93,33526474518.0,-122.83,1.543973054489345,1.94,-0.004520953792621994,64547674549,0.001984126984126984,19841.26984126984,236.0
469,VMC,196.15,26561572298.0,38.24,0.967717978036967,4.2,0.1436826643891943,5088335429,0.001984126984126984,19841.26984126984,101.0
470,VNO,46.76,9128844463.0,-25.23,1.164400311521803,1.7,-0.2460588320824819,1472910651,0.001984126984126984,19841.26984126984,424.0
471,VRSK,174.98,28375667389.0,40.61,0.883308405540488,10.45,0.25496531989520405,2871415166,0.001984126984126984,19841.26984126984,113.0
472,VRSN,223.74,25609267612.0,39.87,0.8011976969163274,-18.17,0.5069898478791329,1301243618,0.001984126984126984,19841.26984126984,88.0
473,VRTX,225.3,56348248832.0,20.89,0.7045601225484045,6.3,0.43425199285978855,6725085106,0.001984126984126984,19841.26984126984,88.0
474,VTR,55.59,20392030660.0,-231.32,1.290221330133662,2.14,-0.02471847547633875,3733620716,0.001984126984126984,19841.26984126984,356.0
475,VZ,60.351,248334879686.0,13.16,0.0,3.47,0.1511937436838002,133736857662,0.001984126984126984,19841.26984126984,328.0
476,WAB,80.55,15359546542.0,38,1.189975794234066,1.5,0.05580603637683827,7656657454,0.001984126984126984,19841.26984126984,246.0
477,WAT,321.0,19374635818.0,32.23,0.7921941524698518,85.47,0.25726950670212945,2609569738,0.001984126984126984,19841.26984126984,61.0
478,WBA,57.447,50114870433.0,-78.54,0.8355894102463018,2.29,-0.004610113536458579,139083710625,0.001984126984126984,19841.26984126984,345.0
479,WDC,78.29,24348147066.0,68.14,1.32600393930787,2.23,0.021606616121977194,16887840513,0.001984126984126984,19841.26984126984,253.0
480,WEC,97.98,30537595896.0,25.14,0.36286283836,2.85,0.16360970111573647,8059017580,0.001984126984126984,19841.26984126984,202.0
481,WELL,75.26,31300684736.0,42.99,1.270114718212848,2.01,0.17653231995388804,4449224562,0.001984126984126984,19841.26984126984,263.0
482,WFC,48.2,200437890794.0,34.36,1.304552686442177,1.22,0.0798124259245486,80829736835,0.001984126984126984,19841.26984126984,411.0
483,WHR,250.05,15720624524.0,11.43,0.9336964992209293,3.74,0.06933885673002954,20860742405,0.001984126984126984,19841.26984126984,79.0
484,WLTW,272.4,35851384951.0,25.1,0.8371928827996463,3.04,0.1564191772174205,9690817711,0.001984126984126984,19841.26984126984,72.0
485,WM,145.53,60573593688.0,38.75,0.7170809631571886,8.26,0.10090284408256184,16124498359,0.001984126984126984,19841.26984126984,136.0
486,WMB,27.693,32673682683.0,29.37,0.9312956881004426,2.79,0.13888245335187063,8773678601,0.001984126984126984,19841.26984126984,716.0
487,WMT,144.99,392004552073.0,30.58,0.4406502941698097,4.88,0.024408494080697892,578191243293,0.001984126984126984,19841.26984126984,136.0
488,WRB,80.16,14319972053.0,20.19,0.9562635852020407,2.27,0.0947880410765339,8287350222,0.001984126984126984,19841.26984126984,247.0
489,WRK,62.21,16895035434.0,-23.54,1.2207628737420553,1.5,-0.04258866204610108,17700273569,0.001984126984126984,19841.26984126984,318.0
490,WST,341.37,24495495701.0,60.15,0.717356667828674,13.96,0.18875078609851076,2420814759,0.001984126984126984,19841.26984126984,58.0
491,WU,25.3,10372881480.0,13.79,0.901263970790277,46.5,0.156583234952604,4866784271,0.001984126984126984,19841.26984126984,784.0
492,WY,38.42,28870851725.0,22.49,1.45221739983402,3.23,0.165271609123671,8595500622,0.001984126984126984,19841.26984126984,516.0
493,WYNN,126.7,14809415962.0,-7.1,1.6100756954345439,63.11,-1.0873423384362064,1951023523,0.001984126984126984,19841.26984126984,156.0
494,XEL,72.31,39523455187.0,25.6,0.5148558267181302,2.7,0.12640357273730266,12307617050,0.001984126984126984,19841.26984126984,274.0
495,XLNX,121.31,29171030301.0,47.36,1.455022880519884,11.27,0.210762358325991,3161039724,0.001984126984126984,19841.26984126984,163.0
496,XOM,65.273,273385442244.0,-14.05,1.1892591904739789,1.65,-0.10776988615067777,184939086051,0.001984126984126984,19841.26984126984,303.0
497,XRAY,72.076,15781464411.0,89.85,1.0612577679445037,3.03,0.0500349880709032,3612406691,0.001984126984126984,19841.26984126984,275.0
498,XRX,25.389,4679984952.0,,1.434721126141046,,,,0.001984126984126984,19841.26984126984,781.0
499,XYL,118.8,21258429927.0,71.46,0.9400822207677147,7.5,0.06260036169909733,5156295266,0.001984126984126984,19841.26984126984,167.0
500,YUM,121.3,36859124128.0,31.91,0.6758631598545348,-4.6,0.1980424638143966,6090177020.0,0.001984126984126984,19841.26984126984,163.0
501,ZBH,171.63,35225153533.0,63.06,1.1090934511533206,2.9,0.08017826814128538,7314283529.0,0.001984126984126984,19841.26984126984,115.0
502,ZBRA,486.91,26671230833.0,40.4,1.312971996401083,11.2,0.13709949194828444,4838406631.0,0.001984126984126984,19841.26984126984,40.0
503,ZION,62.39,10341866091.0,7.27,1.3482645143737952,1.39,0.399031634003761,3567273047.0,0.001984126984126984,19841.26984126984,318.0
