,symbol,marketCap,priceToBook,profitMargin,revenue,bookToPrice,BookValue,s1,s2,s3
0,A,40221320190,8.35,0.1485651934037461,5691122349.0,0.11976047904191617,4816924573.652695,0.06201707643579441,0.14167703104295104,0.0
1,AAL,14738367831,-1.9,-0.6420438794797764,13131368141.0,-0.5263157894736842,-7757035700.526316,0.0,0.0,0.0
2,AAP,13133516118,3.77,0.05118084615400338,10127947933.0,0.26525198938992045,3483691277.984085,0.04485192677651145,0.12048538088930597,0.0
3,AAPL,2110400168844,30.24,0.2347773711345345,333033492577.0,0.033068783068783074,69788365371.82541,0.8985132159359618,0.5392697225466112,0.0
4,ABBV,203674054508,15.3,0.1055622006320364,52119457452.0,0.06535947712418301,13312029706.40523,0.17139009573315017,0.2355248106809288,0.0
5,ABC,25045429835,-86.83,-0.01949682075927921,200938600060.0,-0.011516756881262236,-288442126.39640677,0.0,0.0,0.0
6,ABMD,12695145584,10.01,0.24822786320777723,848964547.0,0.0999000999000999,1268246312.087912,0.016328453409127718,0.0726969730936002,0.0
7,ABT,213676874711,6.23,0.1603018243477226,37958611538.0,0.16051364365971107,34298053725.682182,0.4415815500078824,0.3780500174789331,0.0
8,ACN,193491068361,10.4,0.1221647093355787,47863178158.0,0.09615384615384615,18604910419.32692,0.23953502570241766,0.27843787842366163,0.0
9,ADBE,232964874000,17.45,0.42401242722048443,14030105393.0,0.05730659025787966,13350422578.796562,0.17188439737007147,0.23586420158508303,0.0
10,ADI,58214318717,4.57,0.2466391039357909,6100894968.0,0.2188183807439825,12738362957.768053,0.1640042348887635,0.2303940896937989,0.0
11,ADM,37695845592,1.8,0.031605907780076575,70545143973.0,0.5555555555555556,20942136440.0,0.2696264092305378,0.295409880319451,0.0
12,ADP,83543104182,14.78,0.17237873481059443,15087031808.0,0.06765899864682003,5652442772.801083,0.07277422972474248,0.15347322222270096,0.0
13,ADSK,60278595196,63.75,0.3223010093150514,3953663563.0,0.01568627450980392,945546591.309804,0.01217374993737923,0.06277055823967179,0.0
14,AEE,21638421163,2.39,0.16188916320512284,6032149343.0,0.41841004184100417,9053732704.1841,0.11656525331864594,0.19423538850985872,0.0
15,AEP,43513914194,2.08,0.14838433975204562,16129351253.0,0.4807692307692307,20920151054.80769,0.2693433511728303,0.2952547766249926,0.0
16,AES,16966873712,5.12,-0.0254476498726838,10403814172.0,0.1953125,3313842521.875,0.04266515321817979,0.11751152368816946,0.0
17,AFL,38092845900,1.21,0.2398701464307366,24688669688.0,0.8264462809917356,31481690826.44628,0.4053213614742677,0.36219591602741646,1.5251130852791628
18,AIG,43358625959,0.7083,-0.09078734506866457,44459934029.0,1.4118311449950585,61215058533.10744,0.7881333631077686,0.5050607960063498,6.477105873644424
19,AIV,981887388,2.11,-0.03410527048436901,152971061.0,0.47393364928909953,465349472.985782,0.005991294527086921,0.04403562224601863,0.0
20,AIZ,9487798889,1.69,0.04436000619405643,10255416130.0,0.591715976331361,5614082182.840237,0.07228034371856823,0.15295155873329166,0.03927394342363674
21,AJG,30784490371,4.64,0.1199887890669207,7650008261.0,0.21551724137931036,6634588442.025863,0.08541918650329745,0.16627291790049617,0.0
22,AKAM,18986519229,4.35,0.18628393345542307,3401263502.0,0.2298850574712644,4364717064.137932,0.05619498243087397,0.1348629243340856,0.0
23,ALB,18460827147,3.36,0.11331992257040711,3299053499.0,0.2976190476190476,5494293793.75,0.0707380887862481,0.15131098679450047,0.0
24,ALGN,45711573790,13.3,0.16396525574232074,2942593423.0,0.07518796992481203,3436960435.3383455,0.044250275204858906,0.11967454657963703,0.0
25,ALK,8959718613,3.16,-0.4528669432375236,2810186679.0,0.3164556962025316,2835353991.455696,0.036504695583659964,0.108697152773861,0.0
26,ALL,41516274120,1.72,0.07733108298323442,49079733554.0,0.5813953488372093,24137368674.418606,0.31076447537255925,0.31714618113398974,0.0
27,ALLE,12568751053,17.08,0.15771062380048192,2803736053.0,0.0585480093676815,735875354.3911008,0.009474268779318581,0.05537537156289988,0.0
28,ALXN,40513643156,3.17,0.10969776846939443,6323274006.0,0.31545741324921134,12780329071.293375,0.16454454139147454,0.2307732904712778,0.0
29,AMAT,115896646025,9.93,0.22149622052401474,18617750688.0,0.10070493454179255,11671364151.560926,0.15026680854760946,0.22053388796097761,0.0
30,AMCR,19595125833,4.24,0.06992880923310955,12626155589.0,0.23584905660377356,4621491941.745282,0.05950091487135046,0.1387732068672554,0.0
31,AMD,93600183528,14.66,0.2607302945873026,11829971968.0,0.06821282401091405,6384732846.384721,0.08220233862954354,0.16311199115688066,0.0
32,AME,31448618675,5.22,0.1817129637077289,4645408136.0,0.19157088122605365,6024639592.911878,0.07756619984780114,0.1584455550103709,0.0
33,AMGN,148246658164,15.76,0.2918567329626777,26166055388.0,0.06345177664974619,9406513842.8934,0.12110724987888079,0.19798344358737904,0.0
34,AMP,30174605490,5.55,-0.005412687389336817,12339381599.0,0.1801801801801802,5436865854.054054,0.06999871392761856,0.15051813659111943,0.0
35,AMT,110730723764,28.23,0.24369449460910872,8556922941.0,0.035423308537017355,3922448592.4194117,0.050500851830254975,0.12784776921923305,0.0
36,AMZN,1655871774935,16.27,0.0652492805487937,436175192607.0,0.06146281499692686,101774540561.46281,1.3103297269261294,0.6512295512642572,0.0
37,ANET,25918534523,7.2,0.28759612179879024,2545589178.0,0.1388888888888889,3599796461.527778,0.04634676107011987,0.12247670590227773,0.0
38,ANSS,28868254443,6.88,0.27725640020638154,1813429007.0,0.14534883720930233,4195967215.5523257,0.05402235711813707,0.1322301734006484,0.0
39,ANTM,99330584571,2.98,0.03997927176736687,127210192247.0,0.33557046979865773,33332410929.865772,0.42914906488960114,0.3726901270225849,0.0
40,AON,57455179063,,,,,,0.0,0.0,0.0
41,AOS,11065586798,6.1,0.13081913333267736,3057391524.0,0.1639344262295082,1814030622.622951,0.023355332652586956,0.08694344238379638,0.0
42,APA,8100663525,-6.61,0.0015960940523162793,5130443415.0,-0.151285930408472,-1225516418.3055973,0.0,0.0,0.0
43,APD,67049842301,5.45,0.20458883824999066,9467273580.0,0.18348623853211007,12302723357.98165,0.1583954498755647,0.2264201915961853,0.0
44,APH,39044833980,7.51,0.1476617325921553,9172337172.0,0.13315579227696406,5199045802.929428,0.06693682162205224,0.1471893359913924,0.0
45,APTV,38399803185,4.74,0.03489216135147809,14150427328.0,0.21097046413502107,8101224300.632911,0.10430187124455707,0.18373413652785658,0.0
46,ARE,25664016028,2.02,0.39464163941561076,1985747581.0,0.49504950495049505,12704958429.70297,0.16357415732814623,0.2300918036765164,0.0
47,ATO,13153000221,1.68,0.22193586510377195,3298008709.0,0.5952380952380952,7829166798.214286,0.10079917763488054,0.18062268636637063,0.05982941906072704
48,ATVI,75419700742,4.98,0.2800816358834617,8659924088.0,0.2008032128514056,15144518221.28514,0.1949830705778538,0.25121308413270177,0.0
49,AVB,27954413468,2.7,0.3686084110314531,2266449559.0,0.37037037037037035,10353486469.62963,0.13329935977741128,0.20771020505014473,0.0
50,AVGO,185556933479,7.59,0.14825973661453162,25283238462.0,0.13175230566534915,24447553818.050068,0.3147580558132953,0.3191774713446224,0.0
51,AVY,17893563501,11.74,0.08887777196158775,7451506258.0,0.08517887563884156,1524153620.1873934,0.01962321604122124,0.079694600023643,0.0
52,AWK,27750272045,4.21,0.1903215263780516,3904165811.0,0.23752969121140144,6591513549.881235,0.08486460466632854,0.16573227766040827,0.0
53,AXP,128703235653,5.32,0.13572071404492875,37644216864.0,0.18796992481203006,24192337528.759396,0.3114721899296622,0.3175070996846414,0.0
54,AZO,34078086968,-22.16,0.14148929617827646,13921982434.0,-0.04512635379061372,-1537819809.025271,0.0,0.0,0.0
55,BA,131796695472,-7.69,-0.21441599337111258,58873567961.0,-0.13003901170351104,-17138712024.967487,0.0,0.0,0.0
56,BAC,365509453063,1.47,0.23201833849351816,93656591714.0,0.6802721088435374,248645886437.41495,3.2012730755594427,1.0179001155970953,0.5716384873981951
57,BAX,42297704317,5.14,0.09283810997189866,11865274429.0,0.19455252918287938,8229125353.5019455,0.10594857532943806,0.18517884172252305,0.0
58,BBY,28506278961,6.43,0.03948622990718885,48292094618.0,0.15552099533437014,4433324877.293935,0.05707829623982616,0.13591872854639026,0.0
59,BDX,71057649307,2.93,0.09087731683848867,19190132199.0,0.341296928327645,24251757442.662113,0.31223721111402314,0.3178967824539545,0.0
60,BEN,17121587620,1.6,0.15646318164365033,7100603376.0,0.625,10700992262.5,0.13777343716616736,0.21116724277257803,0.2355414818600439
61,BF.B,36628108235,14.78,0.2171563497176817,4497008975.0,0.06765899864682003,2478221125.5074425,0.0319066712827621,0.10162125445464666,0.0
62,BIIB,42255061045,3.99,0.24301295293454936,12904496294.0,0.2506265664160401,10590240863.408522,0.1363475319277096,0.2100716483592196,0.0
63,BIO,18290620777,1.65,1.590777960884901,2748129851.0,0.6060606060606061,11085224713.333334,0.14272036396730137,0.21492492060538454,0.12330570940249624
64,BK,45567455949,1.1,0.21694831723494304,16652798552.0,0.9090909090909091,41424959953.63636,0.5333392434347926,0.41547564713859925,2.1085144029452825
65,BKNG,91932500298,19.76,0.12508007533675938,5681268228.0,0.05060728744939271,4652454468.522267,0.05989955208486977,0.13923729903146437,0.0
66,BKR,25937003317,2.09,-0.00946785731008738,20563133472.0,0.47846889952153115,12410049433.971292,0.1597772546674874,0.22740566535281334,0.0
67,BLK,126208580571,3.64,0.3170410076481445,17379652546.0,0.2747252747252747,34672686970.05494,0.44640488867478556,0.38010910590059405,0.0
68,BLL,28698384731,8.44,0.06341550426818625,12264470362.0,0.11848341232227488,3400282551.066351,0.04377805374537389,0.11903427406738883,0.0
69,BMY,151302835033,4.0,-0.1505694061679959,44126081954.0,0.25,37825708758.25,0.48699950257257774,0.39701604757188735,0.0
70,BR,18925421402,12.28,0.10716626521686906,4972094942.0,0.08143322475570033,1541158094.6254072,0.019842145728586707,0.08013792999034172,0.0
71,BRK.B,677785122953,,,,,,0.0,0.0,0.0
72,BSX,60875896391,3.95,0.020262842744987526,10297671140.0,0.2531645569620253,15411619339.493668,0.19842195159223167,0.2534187013975929,0.0
73,BWA,11924686788,1.97,0.03801260224657879,12480289619.0,0.5076142131979695,6053140501.522842,0.07793314415028904,0.15881989392377438,0.0
74,BXP,17565479385,3.1,0.17234431265395586,2848905170.0,0.3225806451612903,5666283672.580645,0.07295242893181837,0.1536610090608995,0.0
75,C,161891429830,0.8983,0.1820307906014231,84436629082.0,1.1132138483802738,180219781620.83936,2.3202987302635774,0.8665941517977793,3.701127261834928
76,CAG,17890563115,2.29,0.10558274204397121,11884831111.0,0.4366812227074236,7812472975.982533,0.10058424754130693,0.18043001630625857,0.0
77,CAH,16359221555,9.56,0.00770036015697841,158622239623.0,0.10460251046025104,1711215643.8284519,0.022031607462136678,0.08444363021329893,0.0
78,CARR,38517146812,6.2,0.12633990422498392,18290395404.0,0.16129032258064516,6212443034.193548,0.07998413689347894,0.16089618031511455,0.0
79,CAT,132757435057,8.15,0.08368770630581376,43264183688.0,0.12269938650306748,16289255835.214724,0.20972137071448338,0.2605344434355692,0.0
80,CB,74383000675,1.34,0.14810210958534248,38278502044.0,0.7462686567164178,55509701996.268654,0.7146778777605527,0.48094894037887687,0.9901851522878541
81,CBOE,12233061081,3.63,0.13232875557686216,3525246449.0,0.27548209366391185,3369989278.512397,0.043388033065011794,0.11850284689985159,0.0
82,CBRE,28433135447,4.13,0.03629765914523615,24094849986.0,0.24213075060532688,6884536427.8450365,0.08863722388472277,0.16937600122189142,0.0
83,CCI,81017288483,8.97,0.1572808814648185,5942780490.0,0.11148272017837234,9032027701.560757,0.1162858051383498,0.19400242330493858,0.0
84,CCL,31661688572,1.56,-13.848807188054787,858798157.0,0.641025641025641,20295954212.82051,0.26130692405660794,0.2908166461028078,0.33166784449799475
85,CDNS,34732998535,13.65,0.23983870132576973,2935474894.0,0.07326007326007326,2544542017.2161174,0.032760541370926675,0.10297204496001743,0.0
86,CDW,23556572028,20.41,0.04537955763640875,19643318081.0,0.04899559039686428,1154168154.2381186,0.014859716723126339,0.0693504155741981,0.0
87,CE,18568954261,5.41,0.3538412776407494,6215277754.0,0.18484288354898337,3432339050.0924215,0.04419077566367793,0.11959406147758615,0.0
88,CERN,24537189176,5.51,0.15370906882581015,5514659510.0,0.18148820326678766,4453210376.76951,0.05733431862964854,0.13622321646686125,0.0
89,CF,11761538575,3.89,0.0963000675743497,4237822485.0,0.2570694087403599,3023531767.352185,0.03892745212320045,0.11224623749088847,0.0
90,CFG,20683667432,1.03,0.2166498393476937,7469928101.0,0.970873786407767,20081230516.504856,0.25854239335172163,0.2892741892689746,2.5670079393009404
91,CHD,22031649138,6.88,0.1592944603170255,5130380323.0,0.14534883720930233,3202274584.011628,0.04122873518329869,0.11551644325883381,0.0
92,CHRW,13200713786,7.13,0.03638121947928509,17603606582.0,0.1402524544179523,1851432508.5553997,0.02383687550908151,0.08783517418037605,0.0
93,CHTR,132582949627,6.38,0.07564265103851463,51283536256.0,0.15673981191222572,20781026587.304077,0.2675521475524842,0.2942713782506898,0.0
94,CI,91556740832,1.96,0.05240369278623933,168507777149.0,0.5102040816326531,46712622873.46939,0.6014169952143545,0.4411960859283014,0.0
95,CINF,19524037106,1.73,0.3227252889253523,10199769830.0,0.5780346820809249,11285570581.502892,0.14529978260462606,0.2168584178564722,0.0
96,CL,71676779031,271.77,0.1629109499890008,16848023343.0,0.003679581999484859,263740585.9035214,0.003395614738222223,0.03315148656647445,0.0
97,CLX,23366251187,30.85,0.12823186212915885,7621273060.0,0.03241491085899514,757414949.3354943,0.009751587364161929,0.05617996452929465,0.0
98,CMA,10668614265,1.5,0.293345562325394,2998063635.0,0.6666666666666666,7112409510.0,0.09157105067349228,0.17215629251925477,0.4877083804393841
99,CMCSA,256604509843,2.73,0.1133701411005849,109115485791.0,0.3663003663003663,93994325949.81685,1.210160800284323,0.6258429195708924,0.0
100,CME,77679063284,3.0,0.414638392874253,4720371031.0,0.3333333333333333,25893021094.666664,0.3333681986977611,0.3284776968142363,0.0
101,CMG,37010372278,18.2,0.0672686802174319,6509287654.0,0.054945054945054944,2033536938.3516483,0.026181438760859134,0.0920535533073135,0.0
102,CMI,37566212348,4.84,0.09051356599718365,21075525005.0,0.2066115702479339,7761614121.487603,0.0999294485262048,0.17984176164102972,0.0
103,CMS,18666462169,3.4,0.1310048218237842,7138647700.0,0.29411764705882354,5490135932.058824,0.07068455703121054,0.1512537229086165,0.0
104,CNC,42971709210,1.61,0.021915812809103867,120053935530.0,0.6211180124223602,26690502614.90683,0.34363563627969607,0.3334977439995407,0.21241642859719553
105,CNP,14246261711,2.31,0.07756640578700381,8028049855.0,0.4329004329004329,6167212861.904762,0.07940180619488743,0.160309401796212,0.0
106,COF,70063509712,1.2,0.23213574010775606,31274720051.0,0.8333333333333334,58386258093.333336,0.7517130433762419,0.49325312532223864,1.5724635821365813
107,COG,7161796672,3.17,0.18438266637736037,1608150796.0,0.31545741324921134,2259241852.3659306,0.029087350757264704,0.09702773350179741,0.0
108,COO,20541635556,3.48,0.9433678710284612,2543379144.0,0.28735632183908044,5902768837.931034,0.0759971348123477,0.15683479199082853,0.0
109,COP,75279135082,1.84,0.0009073046948243717,23011866988.0,0.5434782608695652,40912573414.13043,0.5267423547562731,0.41289813680671666,0.0
110,COST,170012445256,10.82,0.024437943774206404,187231823403.0,0.09242144177449169,15712795310.166359,0.20229954047871682,0.25588289220031474,0.0
111,COTY,6757108697,1.76,-0.3607286205415723,2572819678.0,0.5681818181818182,3839266305.1136365,0.04942989417022365,0.126484888721779,0.0
112,CPB,14853262777,5.2,0.09209938180752714,8967715018.0,0.1923076923076923,2856396687.884615,0.03677561668547366,0.10909975736618995,0.0
113,CPRT,28973667445,10.0,0.3200887618359226,2298639593.0,0.1,2897366744.5,0.03730309912657164,0.10987939508524652,0.0
114,CRM,205692222698,4.8,0.1935891236976663,21274326751.0,0.20833333333333334,42852546395.41667,0.551719173642306,0.42257406695753974,0.0
115,CSCO,228047205310,5.78,0.21784543224986272,49269958907.0,0.17301038062283736,39454533790.65743,0.5079703450657055,0.40547397283843795,0.0
116,CSX,77485419601,6.0,0.2564081183908941,10622092559.0,0.16666666666666666,12914236600.166666,0.16626857782311952,0.23197911844875316,0.0
117,CTAS,36996466649,10.02,0.1476280966600586,7204397970.0,0.0998003992015968,3692262140.6187625,0.04753724080468726,0.12403972305601338,0.0
118,CTL,12207412755,,,22691630016.0,,,0.0,0.0,0.0
119,CTSH,38721132248,3.52,0.09170105295500074,17625826332.0,0.2840909090909091,11000321661.363638,0.14162725175781454,0.21410027080762584,0.0
120,CTVA,33127633861,1.41,0.07226715786460075,15125477825.0,0.7092198581560284,23494775787.943264,0.30249120234361926,0.31289611925014,0.7528686533757757
121,CTXS,14532582473,59.71,0.13459669516905554,3287564953.0,0.016747613465081225,243386073.90721822,0.0031335538927623158,0.03184654967991951,0.0
122,CVS,119970551648,1.66,0.028127079010765606,279112761352.0,0.6024096385542169,72271416655.42169,0.9304820746743945,0.548779409725185,0.10183877647710382
123,CVX,202639736887,1.56,-0.08196162334091808,99475913148.0,0.641025641025641,129897267235.2564,1.6724050019369359,0.735723336309098,0.33166784449799475
124,CXO,13468576339,1.72,-3.0258967793742078,3601152157.0,0.5813953488372093,7830567638.953488,0.10081721321876173,0.18063884468224894,0.0
125,D,63865626149,2.57,0.0599862728817183,13874577655.0,0.38910505836575876,24850438190.272373,0.31994512289829036,0.32179667313438676,0.0
126,DAL,29927261636,63.01,-1.0779858705095922,12757807560.0,0.01587049674654817,474960508.4272338,0.0061150349574145765,0.04448804022338557,0.0
127,DD,44912969032,1.75,0.1603296516753969,20024853965.0,0.5714285714285714,25664553732.571426,0.33042672065684575,0.3270253226344727,0.0
128,DE,114319315588,8.58,0.0947649917278983,38579862794.0,0.11655011655011654,13323929555.710955,0.17154330424880854,0.23563005697878875,0.0
129,DFS,35280370695,3.24,0.2233881567134416,12599928456.0,0.30864197530864196,10889003300.925926,0.14019404698941648,0.21301421648794652,0.0
130,DG,50145833957,7.41,0.0795611251767138,34084239976.0,0.1349527665317139,6767319022.537112,0.08712806992695701,0.16792789709272873,0.0
131,DGX,17312767261,2.55,0.17957086786095916,10842331070.0,0.3921568627450981,6789320494.509805,0.0874113350991986,0.16820065376488408,0.0
132,DHI,33050090248,2.65,0.1356050583602916,24989645915.0,0.37735849056603776,12471732169.056604,0.16057140928586747,0.22797011180263932,0.0
133,DHR,182322866503,4.9,0.1928696390215452,25541640338.0,0.2040816326530612,37208748265.918365,0.47905624221511234,0.39376494868697104,0.0
134,DIS,306294425694,3.7,-0.08047703105661975,60735485225.0,0.27027027027027023,82782277214.59459,1.0658075988209974,0.5873313851899614,0.0
135,DISCA,17002502602,1.59,0.07192638258462027,11223413165.0,0.6289308176100629,10693397862.893082,0.13767566057579217,0.21109229771056678,0.2590209059975583
136,DISCK,16886068338,,,,,,0.0,0.0,0.0
137,DISH,23035681269,1.79,0.1416561898968875,16961705912.0,0.5586592178770949,12869095681.005587,0.16568739624321535,0.23157332917039614,0.0
138,DLR,43724398661,2.59,0.1066809061303218,4249870956.0,0.3861003861003861,16882007205.019306,0.21735294277804942,0.26523239381549985,0.0
139,DLTR,26578235477,3.54,0.05391394010237757,26182165488.0,0.2824858757062147,7507976123.446328,0.09666390287128923,0.17687887434628918,0.0
140,DOV,21232784908,6.09,0.11165310186805333,7073492733.0,0.16420361247947454,3486499984.8932676,0.044888088395488274,0.12053394144079045,0.0
141,DOW,51109110038,3.89,0.0490945047144294,41084231673.0,0.2570694087403599,13138588698.714653,0.1691570725527828,0.23398546650206611,0.0
142,DPZ,17153880207,-5.23,0.11552283013132505,4329399537.0,-0.19120458891013384,-3279900613.1931167,0.0,0.0,0.0
143,DRE,17329835635,3.43,0.340709246404034,1075803585.0,0.29154518950437314,5052430214.285713,0.06504917110385007,0.1450990891311731,0.0
144,DRI,18491548741,7.27,-0.03609579847919306,6223566456.0,0.13755158184319122,2543541780.055021,0.03274766348929802,0.10295180426661012,0.0
145,DTE,27307601591,2.18,0.11424884884768671,13479943998.0,0.4587155963302752,12526422748.165136,0.1612755410971571,0.22846940808318433,0.0
146,DUK,79651781823,1.73,0.05572424300676496,25268949464.0,0.5780346820809249,46041492383.237,0.5927763054392243,0.43801523918504925,0.0
147,DVA,13010811091,10.82,0.06756303710423239,11891134547.0,0.09242144177449169,1202477919.6857672,0.015481696654626535,0.07078693032391062,0.0
148,DVN,17343674252,2.14,-0.146684694701934,4602659151.0,0.4672897196261682,8104520678.504673,0.10434431154340512,0.18377151331942015,0.0
149,DXC,9269437186,1.69,-0.1581290787789161,18365510649.0,0.591715976331361,5484874074.556213,0.07061681151974489,0.15118122321700744,0.03927394342363674
150,DXCM,32603752414,16.89,0.2652865489634352,2110958626.0,0.05920663114268798,1930358343.0432208,0.024853032070253973,0.08968782513355847,0.0
151,EA,40294788106,5.11,0.21326546491627646,5822199301.0,0.19569471624266144,7885477124.461839,0.10152416341234535,0.18127107589831262,0.0
152,EBAY,41409046792,11.47,0.2759840725355375,11133233368.0,0.08718395815170009,3610204602.615519,0.04648076409871691,0.1226536373967694,0.0
153,ECL,62646040932,10.0,-0.11947668544858092,11188241251.0,0.1,6264604093.200001,0.0806557015679746,0.1615702285374487,0.0
154,ED,27038269338,1.5,0.09468788630436856,13003225039.0,0.6666666666666666,18025512892.0,0.23207538206683212,0.27406800579553464,0.4877083804393841
155,EFX,29235073215,8.81,0.145398791063887,4468452450.0,0.11350737797956867,3318396505.675369,0.04272378497732745,0.1175922399329163,0.0
156,EIX,22062613128,1.61,0.06119930250031357,14335416731.0,0.6211180124223602,13703486414.906832,0.17643003361078213,0.23896266944782177,0.21241642859719553
157,EL,108853905892,19.6,0.09754963040832393,15163660503.0,0.0510204081632653,5553770708.77551,0.07150384385027336,0.1521277693120577,0.0
158,EMN,17122371778,2.78,0.05880398952849,8998209201.0,0.3597122302158274,6159126538.848922,0.07929769617460984,0.16020427012290905,0.0
159,EMR,57207041699,6.4,0.127964109402592,17540245775.0,0.15625,8938600265.46875,0.1150829429476046,0.1929964329940509,0.0
160,EOG,48269723333,2.37,0.00611182896377312,10574906258.0,0.42194092827004215,20366971870.464134,0.2622212641993758,0.29132500066159556,0.0
161,EQIX,63879250858,6.28,0.06759737733114615,6328069924.0,0.1592356687898089,10171855232.165606,0.1309608887956262,0.20588021334360015,0.0
162,EQR,28048395746,2.79,0.2692142240786709,2530128163.0,0.35842293906810035,10053188439.426523,0.12943307422365966,0.20467577141393936,0.0
163,ES,29427587347,2.06,0.13440765620490633,9725325736.0,0.4854368932038835,14285236576.213593,0.1839199670047233,0.2439822560781683,0.0
164,ESS,18746297615,3.19,0.2925363975438436,1505836012.0,0.31347962382445144,5876582324.451411,0.07565998794960967,0.15648652141034394,0.0
165,ETFC,11367071877,,,3295833925.0,,,0.0,0.0,0.0
166,ETN,57628315046,3.85,0.08401131446429443,17771590535.0,0.2597402597402597,14968393518.441557,0.1927154952833959,0.24974805830436048,0.0
167,ETR,21728632713,1.99,0.15651974935535035,10821772087.0,0.5025125628140703,10918910911.055275,0.14057910233231077,0.21330654708541047,0.0
168,EVRG,14470374291,,,,,,0.0,0.0,0.0
169,EW,58215355181,12.04,0.19403789056740828,4548648145.0,0.08305647840531562,4835162390.448505,0.0622518851941533,0.14194498609889372,0.0
170,EXC,44748093663,1.45,0.03293701808202189,34502787679.0,0.6896551724137931,30860754250.34483,0.3973269097212765,0.3586061988017711,0.6299842130163051
171,EXPD,20320406758,7.27,0.07497011462904057,11608170463.0,0.13755158184319122,2795104093.259973,0.03598648505850652,0.10792287780020475,0.0
172,EXPE,24499790551,20.15,-0.4722224808701887,4395121068.0,0.04962779156327544,1215870498.808933,0.015654123810263723,0.07118003297861078,0.0
173,EXR,19283288564,6.75,0.42172976738167817,1412912655.0,0.14814814814814814,2856783490.9629626,0.03678059670866246,0.10910714406664795,0.0
174,F,48849048287,1.41,0.03081593580209957,133249385845.0,0.7092198581560284,34644715097.163124,0.4460447556163041,0.3799557501935445,0.7528686533757757
175,FANG,14366880466,1.36,-1.308913594329578,3247444722.0,0.7352941176470588,10563882695.588234,0.13600817504482224,0.20981006066413424,0.9192512629197066
176,FAST,30207762785,11.0,0.15438937581162052,5949332436.0,0.09090909090909091,2746160253.1818185,0.035356341525059724,0.10697380971793866,0.0
177,FB,898498541556,6.73,0.3700095898683341,97292404927.0,0.1485884101040119,133506469770.5795,1.7188728645913978,0.7458743638768505,0.0
178,FBHS,14486239520,5.23,0.09857468326321242,6695058438.0,0.19120458891013384,2769835472.2753344,0.03566115590396609,0.10743394186136743,0.0
179,FCX,59922471968,5.93,0.11516344974708202,16717977385.0,0.16863406408094436,10104969977.740305,0.13009975263443113,0.20520221205096875,0.0
180,FDX,80954893923,3.77,0.03978658339438152,79972260356.0,0.26525198938992045,21473446663.92573,0.2764669370952569,0.29913374162321277,0.0
181,FE,20641397864,2.88,0.12598929200439346,11134194600.0,0.3472222222222222,7167152036.111111,0.09227585129351668,0.17281754562101923,0.0
182,FFIV,10836822437,5.39,0.1142326445172566,2537274436.0,0.1855287569573284,2010542196.1038961,0.02588538540444985,0.09153161399998168,0.0
183,FIS,92900155718,1.9,-0.01855125022906442,12738770792.0,0.5263157894736842,48894818798.947365,0.6295123928978651,0.4513837755481502,0.0
184,FISV,77614068697,2.47,0.05897220941440585,14877829114.0,0.4048582995951417,31422699877.327934,0.40456186313781806,0.361856412353861,0.0
185,FITB,29723123699,1.5,0.24622696460074361,8498001555.0,0.6666666666666666,19815415799.333332,0.2551200745297176,0.28735325385359084,0.4877083804393841
186,FLIR,7817631312,,0.1237870007760939,1967061651.0,,,0.0,0.0,0.0
187,FLS,5642254785,3.38,0.03615253798074403,3753022751.0,0.2958579881656805,1669306149.4082842,0.02149202992067849,0.083403162945533,0.0
188,FLT,22538943832,7.0,0.3220840486063309,2416336359.0,0.14285714285714285,3219849118.8571424,0.041455004300485904,0.11583299480478262,0.0
189,FMC,15547565590,5.07,0.11956541807754474,4626062645.0,0.1972386587771203,3066580984.220907,0.039481703395402565,0.11304249735943513,0.0
190,FOX,21911548681,,,,,,0.0,0.0,0.0
191,FOXA,22274915275,1.95,0.1677279574655874,12669827195.0,0.5128205128205129,11423033474.358976,0.14706959373681006,0.21817513283487797,0.0
192,FRC,32774195678,,,,,,0.0,0.0,0.0
193,FRT,9007919821,3.78,0.143219754182175,861908057.0,0.2645502645502646,2383047571.693122,0.030681328126289733,0.09965082082788877,0.0
194,FTI,3815915032,1.05,0.02956777117938012,11565401060.0,0.9523809523809523,3634204792.3809524,0.04678976241920084,0.12306065510572284,2.427706967110357
195,FTNT,34910206838,35.62,0.1848326131729844,2797189155.0,0.028074115665356544,980073184.671533,0.012618273895942741,0.06390631529250812,0.0
196,FTV,23789237121,2.6,0.4042703886637921,4368373971.0,0.3846153846153846,9149706585.0,0.1178009005477837,0.19526216843019137,0.0
197,GD,53341679341,3.65,0.0787258984940922,41979889236.0,0.273972602739726,14614158723.561644,0.18815478314967307,0.24677515551410242,0.0
198,GE,115302664134,3.48,-0.05227498100687097,79994858157.0,0.28735632183908044,33132949463.793102,0.42658103277735154,0.3715733631905649,0.0
199,GILD,85550782575,4.67,0.011952606779350294,26650443562.0,0.21413276231263384,18319225390.792294,0.2358568800349303,0.27629185188647293,0.0
200,GIS,38843634971,4.51,0.1372871000795352,19018472527.0,0.22172949002217296,8612779372.727274,0.11088805492298182,0.18944632523078955,0.0
201,GL,11140348284,1.41,0.15603984302835125,5090615488.0,0.7092198581560284,7900956229.787234,0.10172345423441335,0.18144890524124332,0.7528686533757757
202,GLW,37068212571,3.35,0.093980777552811,12248751672.0,0.29850746268656714,11065138080.895521,0.14246175202514075,0.2147301083466405,0.0
203,GM,82665399247,1.74,0.07459238514395623,124690519244.0,0.5747126436781609,47508850141.95402,0.611668284520392,0.44494034167854013,0.0
204,GOOG,1582823236110,,,,,,0.0,0.0,0.0
205,GOOGL,1583496635159,6.99,0.26133365796634794,199502237839.0,0.14306151645207438,226537429922.6037,2.9166304957158533,0.9715932945950088,0.0
206,GPC,18773094537,5.8,0.0032973447153302306,16828960768.0,0.1724137931034483,3236740437.413793,0.04167247712531671,0.11613642714097862,0.0
207,GPN,58014387453,2.23,0.0850619635605606,7526215005.0,0.4484304932735426,26015420382.51121,0.3349440685030435,0.32925315739215416,0.0
208,GPS,12682528001,5.14,-0.04940299282297899,14287774737.0,0.19455252918287938,2467417899.0272374,0.03176758159760475,0.10139951546771958,0.0
209,GRMN,27571220503,4.87,0.2491617772738154,4413040572.0,0.2053388090349076,5661441581.724846,0.072890087843823,0.15359533995291416,0.0
210,GS,126861579900,1.4,0.2410604861743689,63314412043.0,0.7142857142857143,90615414214.28572,1.166657892117892,0.6144910535559235,0.7849594894714476
211,GWW,24464133222,13.19,0.0670620957134481,12159444514.0,0.0758150113722517,1854748538.4382107,0.023879568824195996,0.08791379809987723,0.0
212,HAL,20003384626,4.13,-0.13783472922399484,13475777695.0,0.24213075060532688,4843434534.140436,0.06235838762320033,0.14206635612185992,0.0
213,HAS,13243071208,4.61,0.07508187110828804,5662479416.0,0.21691973969631234,2872683559.2190886,0.036985307356150715,0.10941035287958938,0.0
214,HBAN,16008814925,1.47,0.23373403210559315,5265025421.0,0.6802721088435374,10890350289.115646,0.14021138923097387,0.21302739119058517,0.5716384873981951
215,HBI,6942277943,14.4,-0.05021373766957968,7043143065.0,0.06944444444444445,482102634.9305556,0.00620698860927231,0.04482128226930472,0.0
216,HCA,66820482307,275.99,0.08847407583996952,53151036194.0,0.0036233196854958513,242111968.93728033,0.0031171500101397683,0.03176308334024684,0.0
217,HD,333483490316,108.31,0.09964214605885617,134441423527.0,0.009232757824762256,3078972304.6440773,0.039641239517273254,0.11327065595778729,0.0
218,HES,26079414127,4.67,-0.078865530260534,5387914322.0,0.21413276231263384,5584456986.509636,0.07189892440481986,0.15254746654320564,0.0
219,HFC,5645364314,1.1,-0.014103872115787541,11485244416.0,0.9090909090909091,5132149376.363636,0.0660755416214675,0.1462393232304063,2.1085144029452825
220,HIG,24389217015,1.4,0.08436763565669,21270076714.0,0.7142857142857143,17420869296.428574,0.22429069963936127,0.2694321616846717,0.7849594894714476
221,HII,8639788022,4.47,0.07520274406521221,9716161026.0,0.2237136465324385,1932838483.668904,0.02488496345477177,0.08974542247493247,0.0
222,HLT,34737021017,-21.63,-0.2662697747063155,3403620379.0,-0.04623208506703653,-1605964910.6333797,0.0,0.0,0.0
223,HOLX,16054928665,4.3,0.3618296952814013,5326459788.0,0.23255813953488372,3733704340.6976743,0.048070802011773474,0.12473389575290882,0.0
224,HON,154944568882,8.86,0.14207277727105327,34136929167.0,0.11286681715575622,17488100325.28217,0.22515628758692358,0.2699515605184021,0.0
225,HPE,20908285580,1.36,-0.01627575221588595,27020217497.0,0.7352941176470588,15373739397.058823,0.19793425384038918,0.25310707315560205,0.9192512629197066
226,HPQ,40767746011,-12.91,0.05828521521290042,58097568635.0,-0.07745933384972889,-3157842448.5670023,0.0,0.0,0.0
227,HRB,4555805825,-8.74,0.034600989873857804,3037989573.0,-0.11441647597254004,-521259247.71167046,0.0,0.0,0.0
228,HRL,25730254556,3.99,0.09393027735555734,9711837530.0,0.2506265664160401,6448685352.380952,0.08302571615850105,0.16392685916630764,0.0
229,HSIC,11283172968,3.37,0.0412791144417801,10238555243.0,0.29673590504451036,3348122542.433234,0.04310650259425451,0.1181177584872922,0.0
230,HST,11967223026,2.05,-0.9344919880471564,976033923.0,0.48780487804878053,5837669768.780488,0.07515899547973469,0.15596756294863853,0.0
231,HSY,35973648619,16.53,0.16722790075187632,8811029309.0,0.060496067755595885,2176264284.2710223,0.028019028821906683,0.09522924511394688,0.0
232,HUM,60011818663,4.09,0.047869515273910236,80676914248.0,0.24449877750611249,14672816299.022005,0.18890998935754297,0.2472699064151589,0.0
233,HWM,14901867339,4.25,0.03892958244013295,3339253036.0,0.23529411764705882,3506321726.8235292,0.045143289917866994,0.12087609065930488,0.0
234,IBM,131451454049,6.14,0.0747470150555352,76348710493.0,0.16286644951140067,21409031604.071663,0.2756376042648371,0.29868474081209007,0.0
235,ICE,63882148917,3.13,0.25312975324796433,8687644503.0,0.3194888178913738,20409632241.853035,0.26277050915282096,0.2916299436770188,0.0
236,IDXX,45876745300,64.4,0.24724779300390426,2938331208.0,0.015527950310559004,712371821.4285713,0.009171664829856471,0.05448386277307014,0.0
237,IEX,17202107262,6.75,0.16553703867814404,2468565809.0,0.14814814814814814,2548460335.111111,0.03281098904073715,0.10305129733538591,0.0
238,IFF,36567240605,1.64,0.03158770959351035,6293415204.0,0.6097560975609756,22297097929.878048,0.28707130565780403,0.3048166564500988,0.1450898280843357
239,ILMN,57755322510,11.61,0.18909369685500768,3593088856.0,0.08613264427217916,4974618648.578812,0.06404736056182317,0.14397743132217988,0.0
240,INCY,18428310869,6.87,0.18573779053383244,2749181484.0,0.14556040756914118,2682432440.9024744,0.034535856889109304,0.10572529867198925,0.0
241,INFO,44009781896,5.24,0.1276186524574136,4361756986.0,0.19083969465648853,8398813338.931297,0.1081332789928853,0.18707833196348575,0.0
242,INTC,227160463248,2.86,0.24080771805450985,80244642708.0,0.3496503496503497,79426735401.3986,1.0226055743901528,0.5753046450906395,0.0
243,INTU,116583240321,13.4,0.2356293292317993,7986632698.0,0.07462686567164178,8700241815.0,0.11201411884296879,0.190405805574365,0.0
244,IP,25154389315,3.3,0.04875834861789907,20684692217.0,0.30303030303030304,7622542216.666667,0.09813892164136898,0.17822328467215523,0.0
245,IPG,12926442299,4.58,0.04948331828076687,9211693143.0,0.2183406113537118,2822367314.1921396,0.03633749434473954,0.10844793610598187,0.0
246,IPGP,10976991797,3.96,0.1517920373039432,1344916988.0,0.25252525252525254,2771967625.5050507,0.035688607010537984,0.10747528394884141,0.0
247,IQV,46020367896,7.6,0.03452436761772577,12262780088.0,0.13157894736842105,6055311565.263158,0.07796109622300086,0.15884837312399647,0.0
248,IR,19788658565,2.38,-0.0161052719852629,5486110216.0,0.42016806722689076,8314562422.268908,0.10704856291345642,0.1861376486244782,0.0
249,IRM,12720082223,13.38,0.08088770728909671,4300283499.0,0.07473841554559042,950678790.9566516,0.012239826126224543,0.06294067945977941,0.0
250,ISRG,98001201498,9.8,0.26527214381807185,4768361586.0,0.1020408163265306,10000122601.836733,0.12874986068032615,0.20413486530654032,0.0
251,IT,20159336385,22.19,0.0874859032541156,4390609178.0,0.04506534474988733,908487444.1189724,0.01169661978330743,0.06152816869166028,0.0
252,ITW,74411848321,23.41,0.1792215361469709,13233622467.0,0.042716787697565144,3178635126.9115763,0.04092438123391499,0.11508927746319364,0.0
253,IVZ,12420350747,0.9019,0.1181404046910457,6476666569.0,1.1087703736556158,13771316938.684998,0.1773033399525172,0.23955335688138224,3.6640050490649534
254,J,17792769963,3.07,0.04350968949963262,14341781010.0,0.32573289902280134,5795690541.693811,0.07461852014217385,0.15540576249973087,0.0
255,JBHT,18060309866,6.82,0.0574463523524986,10468092200.0,0.14662756598240467,2648139276.539589,0.03409433828880754,0.10504730999792697,0.0
256,JCI,45380143174,2.68,0.04767724238616961,22277293194.0,0.3731343283582089,16932889244.02985,0.21800804028980744,0.26563179571417833,0.0
257,JKHY,11668760858,8.82,0.17922027100949364,1724923466.0,0.11337868480725623,1322988759.4104307,0.017033253014762537,0.07424934066477112,0.0
258,JNJ,462440457325,6.93,0.1847298035980041,88343571961.0,0.14430014430014432,66730224722.22223,0.8591401803988841,0.5273219119000371,0.0
259,JNPR,8812444004,1.99,0.04784269488772314,4746726499.0,0.5025125628140703,4428363821.105527,0.05701442349360928,0.1358426581911246,0.0
260,JPM,506195407778,2.0,0.30028229672963697,136585214168.0,0.5,253097703889.0,3.258589460516618,1.0269720568952994,0.0
261,K,22785698310,7.5,0.09505233685929565,14429230933.0,0.13333333333333333,3038093108.0,0.039114926882697965,0.11251620200000781,0.0
262,KEY,22353245267,1.49,0.2353913211507811,7361962029.0,0.6711409395973155,15002178031.543625,0.1931504650860906,0.2500297472130013,0.5152222563955503
263,KEYS,25436819471,7.35,0.14920929057554,4405840897.0,0.1360544217687075,3460791764.761905,0.044557099477448,0.1200887318502423,0.0
264,KHC,53524408665,1.06,0.020773731088628986,27557448759.0,0.9433962264150942,50494725155.66037,0.6501109124090692,0.45870928460932103,2.3606695219208342
265,KIM,8920419225,1.59,1.007001306964713,1097496379.0,0.6289308176100629,5610326556.603773,0.07223199067591421,0.15290039053085253,0.2590209059975583
266,KLAC,46522899342,14.94,0.2912194383261507,6757805809.0,0.06693440428380187,3113982553.0120482,0.04009199045096,0.11391282223617762,0.0
267,KMB,44912081135,90.8,0.12103327700513132,19683570782.0,0.011013215859030838,494626444.2180617,0.006368230502512421,0.045399721632019704,0.0
268,KMI,42860238162,1.37,0.1363839183077586,14032679014.0,0.7299270072992701,31284845373.722626,0.4027870100845086,0.3610617898732348,0.8847569460298713
269,KMX,19771536567,4.49,0.04028217548764201,18953613117.0,0.22271714922048996,4403460259.9109125,0.05669379442115554,0.13546015399077058,0.0
270,KO,239588831810,11.75,0.22095121510910148,34853785246.0,0.0851063829787234,20390538877.446808,0.2625246853659437,0.29149350075628455,0.0
271,KR,27821815747,3.02,0.020454764669603363,138469147431.0,0.33112582781456956,9212521770.529802,0.11860963527110453,0.19593128551127365,0.0
272,KSS,9680501937,1.94,-0.010437557681932882,16731703286.0,0.5154639175257733,4989949452.061856,0.06424474202314615,0.14419911582383244,0.0
273,KSU,26886345841,6.39,0.24697443447408376,2657078418.0,0.1564945226917058,4207565859.3114243,0.05417168766412361,0.13241280498334781,0.0
274,L,15409804434,0.8938,-0.002747195478630488,14886651764.0,1.1188185276348175,17240774707.98836,0.2219720127497926,0.2680358670267717,3.7481139034223654
275,LB,19484506203,-29.43,0.07464467884604685,12124335895.0,-0.03397893306150187,-662062732.008155,0.0,0.0,0.0
276,LDOS,14406786263,3.7,0.05858339438299768,12942437944.0,0.27027027027027023,3893726017.0270267,0.050131053606034155,0.12737881925045974,0.0
277,LEG,7455573810,5.2,0.06635580050501812,4427906626.0,0.1923076923076923,1433764194.2307692,0.01845946770910054,0.07729535382626969,0.0
278,LEN,28803231442,1.58,0.1351185952963614,24209278058.0,0.6329113924050632,18229893317.721516,0.23470674493958307,0.27561737230229055,0.2828628203443976
279,LH,26627586720,2.7,0.1747303806384705,15770106285.0,0.37037037037037035,9862069155.555555,0.1269724462742392,0.20272090956251856,0.0
280,LHX,44530049953,2.21,0.07758482485536064,18523565567.0,0.45248868778280543,20149343870.135746,0.2594193410792261,0.28976436728449734,0.0
281,LIN,160144397201,3.36,0.10830468969958665,28125462761.0,0.2976190476190476,47662022976.4881,0.6136403584530308,0.4456570284519296,0.0
282,LKQ,14893961197,2.63,0.0649531897916189,12215966778.0,0.3802281368821293,5663103116.730039,0.07291147982159683,0.15361787708489186,0.0
283,LLY,191287159074,28.18,0.24945678131588453,25652097073.0,0.035486160397444996,6788046808.87154,0.08739493661539932,0.16818487569063903,0.0
284,LMT,108376501679,17.77,0.1069786685762455,68815089585.0,0.056274620146314014,6098846464.772088,0.07852160057576522,0.15941837374642295,0.0
285,LNC,13288240066,0.6964,0.037539543937882044,18713291997.0,1.4359563469270533,19081332662.263065,0.24566888024053812,0.2819803698655294,6.727474418329481
286,LNT,14367387028,2.6,0.18350206579147935,3567668426.0,0.3846153846153846,5525918087.692307,0.07114524613834276,0.1517458231421466,0.0
287,LOW,137251692938,98.2,0.06585342184700455,93058563477.0,0.010183299389002037,1397675080.8350306,0.01799482657350842,0.07631635779058805,0.0
288,LRCX,86938312101,16.24,0.2700747372297773,13664730771.0,0.061576354679802964,5353344341.194582,0.06892338879685546,0.14935752693637055,0.0
289,LUV,35893851011,4.06,-0.42484965859044477,7179565140.0,0.24630541871921185,8840850002.70936,0.11382442510609082,0.19193825204950452,0.0
290,LVS,44933722869,16.27,-0.6522422062647412,3121940827.0,0.06146281499692686,2761753095.8205285,0.03555709669549888,0.10727708129382976,0.0
291,LW,11182309271,25.18,0.0716804279436532,3618192044.0,0.03971405877680699,444094887.64892775,0.00571764539198177,0.0430182175132517,0.0
292,LYB,36933324708,4.5,0.08337951912478228,29371418821.0,0.2222222222222222,8207405490.666666,0.10566893582646593,0.18493430075844194,0.0
293,LYV,19456304453,-27.15,-2.372285422826652,802688162.0,-0.03683241252302026,-716622631.7863721,0.0,0.0,0.0
294,MA,360247094344,58.4,0.435954866117742,15784220992.0,0.017123287671232876,6168614629.1780815,0.07941985370773622,0.16032761940199103,0.0
295,MAA,18181428545,3.1,0.16164479699909048,1704585244.0,0.3225806451612903,5864976950.0,0.07551057074711578,0.1563319262657641,0.0
296,MAR,46114748440,199.09,0.02755868996115801,8324465265.0,0.005022853985634637,231627647.99839267,0.0029821661790453693,0.031067744362910914,0.0
297,MAS,15923832491,-963.04,0.10425049161154215,7668975420.0,-0.0010383784681840837,-16534964.789624522,0.0,0.0,0.0
298,MCD,176841564570,-24.15,0.2678553607159901,20099600213.0,-0.041407867494824016,-7322632073.291925,0.0,0.0,0.0
299,MCHP,39665416012,7.29,0.0653735455946883,5492756038.0,0.13717421124828533,5441072155.281207,0.07005286933336087,0.1505763504804022,0.0
300,MCK,31564299623,-1540.75,-0.019882919970558664,250037140717.0,-0.0006490345610903781,-20486321.351938993,0.0,0.0,0.0
301,MCO,61749033061,30.9,0.3627726068354695,5758268342.0,0.03236245954692557,1998350584.498382,0.02572842049930056,0.09125367536086809,0.0
302,MDLZ,88171442485,3.35,0.14000692100428397,27133295300.0,0.29850746268656714,26319833577.61194,0.33886333609795005,0.3311738933581298,0.0
303,MDT,168958466651,3.49,0.1067942567342078,28724666811.0,0.28653295128939826,48412168094.84241,0.6232983479921195,0.44915039981103455,0.0
304,MET,56636697384,0.871,0.017571721319956952,67411928242.0,1.148105625717566,65024910888.63375,0.8371845577297757,0.5205403589000186,3.9966325056638365
305,MGM,19131757645,3.1,-0.4888123570241445,4718332865.0,0.3225806451612903,6171534724.193548,0.07945744942944723,0.16036556280725933,0.0
306,MHK,15070352745,1.78,0.06587900857913205,9986087114.0,0.5617977528089888,8466490306.179776,0.10900460832067857,0.18783055080448544,0.0
307,MKC,24692029276,5.86,0.13574444034879538,5998472135.0,0.1706484641638225,4213656873.0375423,0.05425010841953472,0.13250861293518662,0.0
308,MKTX,17164891391,17.5,0.43003226668118494,717445168.0,0.05714285714285714,980850936.6285714,0.012628287318787592,0.0639316671773363,0.0
309,MLM,23274759320,4.1,0.16720860447576533,4904997559.0,0.24390243902439027,5676770565.853659,0.07308744588127276,0.15380313764077555,0.0
310,MMC,68920179677,7.52,0.13036872152699167,18022783265.0,0.13297872340425532,9164917510.23936,0.11799673859731188,0.19542440777773729,0.0
311,MMM,121176470713,8.75,0.17933512640730676,33631588257.0,0.11428571428571428,13848739510.057142,0.17830014225930546,0.240225799550342,0.0
312,MNST,48875573972,8.97,0.315975411602415,4978809504.0,0.11148272017837234,5448781936.6778145,0.07015213144445806,0.15068299304667132,0.0
313,MO,92569173185,32.48,0.16950676675480086,26266321966.0,0.030788177339901482,2850036120.227833,0.036693725469509164,0.10897821907763887,0.0
314,MOS,13754095813,1.49,0.11604116677605361,9464058042.0,0.6711409395973155,9230936787.248323,0.11884672544802896,0.19612701241053243,0.5152222563955503
315,MPC,40095924809,1.91,-0.012839453086524148,68789514917.0,0.5235602094240838,20992630790.052357,0.2702765153135563,0.29576580268020125,0.0
316,MRK,200730977960,7.6,0.147796579767444,50172131933.0,0.13157894736842105,26411970784.210526,0.34004958680560277,0.3317530531687078,0.0
317,MRO,9070969880,0.898,-0.4142102038037193,3405242454.0,1.1135857461024499,10101302761.69265,0.13005253785777093,0.2051649734874782,3.7042394029069237
318,MS,162088312701,1.7,0.23428807657712689,58078885055.0,0.5882352941176471,95346066294.70589,1.2275642250231829,0.6303270055720588,0.01900953818563444
319,MSCI,37069868845,-78.89,0.3885487205860477,1801179798.0,-0.012675877804537964,-469893127.7094689,0.0,0.0,0.0
320,MSFT,1871256144254,13.62,0.36565986957096824,164836078551.0,0.07342143906020558,137390318961.38033,1.768876755756408,0.7566457381242987,0.0
321,MSI,33585793579,-70.34,0.13617012558919336,7829684164.0,-0.014216661927779357,-477477872.8888257,0.0,0.0,0.0
322,MTB,21390111969,1.4,0.2414400391854499,6420587213.0,0.7142857142857143,15278651406.428572,0.19671001229521368,0.2523231138094055,0.7849594894714476
323,MTD,30159118926,145.49,0.2086417808817886,3316330982.0,0.006873324627122138,207293414.84638116,0.0026688671073411274,0.029390520492723348,0.0
324,MU,89890483689,2.24,0.1389394542473295,23735855081.0,0.4464285714285714,40129680218.303566,0.5166627393451809,0.40892849467173736,0.0
325,MXIM,26110884852,11.77,0.3207272621782274,2516026416.0,0.08496176720475786,2218426920.3058624,0.028561865518169176,0.09614729883796858,0.0
326,MYL,8859095038,,,11825637038.0,,,0.0,0.0,0.0
327,NBL,4204279867,,,4437548386.0,,,0.0,0.0,0.0
328,NCLH,6229517478,1.49,-97.11589646455833,36438300.0,0.6711409395973155,4180884213.422819,0.05382816605667365,0.13199229933884515,0.5152222563955503
329,NDAQ,26494949867,4.4,0.17515257208221968,6166962532.0,0.22727272727272727,6021579515.227273,0.07752680187327117,0.1584053105041965,0.0
330,NEE,140122698361,3.83,0.24933689797930775,17567090390.0,0.2610966057441253,36585560929.76501,0.47103281231308775,0.39045355678955534,0.0
331,NEM,60782953374,2.63,0.2261607418964116,12236037508.0,0.3802281368821293,23111389115.589355,0.2975551647951203,0.3103327065726207,0.0
332,NFLX,219198948344,16.74,0.14243580497699948,27680336126.0,0.059737156511350066,13094321884.348866,0.16858714492196453,0.2335909595044381,0.0
333,NI,10256619399,1.97,0.03212888753469982,4848781966.0,0.5076142131979695,5206405786.294415,0.06703158014358053,0.14729348278886675,0.0
334,NKE,213538457754,18.03,0.0925465726570077,39255466538.0,0.05546311702717693,11843508472.212978,0.15248313710510036,0.2221542938755963,0.0
335,NLOK,15857635771,-32.61,0.32259193142363796,1945369421.0,-0.030665440049064706,-486281379.0555045,0.0,0.0,0.0
336,NLSN,10049680677,3.44,0.10520821068550694,5665535548.0,0.29069767441860467,2921418801.4534883,0.03761276522819205,0.11033452617392672,0.0
337,NOC,59872819628,5.73,0.12163773291132829,37701090477.0,0.17452006980802792,10449008661.082024,0.13452919158358495,0.20866618158876304,0.0
338,NOV,6687663207,1.39,-0.11537648731050416,5521561234.0,0.7194244604316548,4811268494.244605,0.06194425538501503,0.14159382734128298,0.81762739544599
339,NOW,93989252166,31.07,0.03256681790594226,4855187302.0,0.0321853878339234,3025080533.183135,0.038947392217227365,0.11227498216667119,0.0
340,NRG,8571964972,5.52,0.02110046172693836,15763882659.0,0.1811594202898551,1552892205.072464,0.019993220384910283,0.0804424296377832,0.0
341,NSC,72574656872,4.93,0.2436603877444223,10110690329.0,0.20283975659229211,14721025734.6856,0.1895306775603081,0.24767579192036207,0.0
342,NTAP,17125375854,36.83,0.11093763283247518,5868260524.0,0.027151778441487917,464984410.9150149,0.005986594415636057,0.0440183461014979,0.0
343,NTRS,24931309499,2.41,0.1962719967141986,6409889997.0,0.41493775933609955,10344941700.829874,0.13318934734693247,0.20762447537683942,0.0
344,NUE,30178784786,2.8,0.07678581449277062,21759138391.0,0.35714285714285715,10778137423.571428,0.13876666786298736,0.21192704502527338,0.0
345,NVDA,355015522981,21.44,0.2626042843169397,17450549901.0,0.046641791044776115,16558559840.531715,0.21318861352197138,0.26267927276949526,0.0
346,NVR,17070433796,5.88,0.12568128383872823,8228683830.0,0.17006802721088435,2903134999.319728,0.03737736441650641,0.1099887180087297,0.0
347,NWL,12242183168,3.19,0.06209410677172942,9911907258.0,0.31347962382445144,3837674974.294671,0.04940940605928784,0.12645867275408368,0.0
348,NWS,15289358419,,,,,,0.0,0.0,0.0
349,NWSA,15372123367,2.0,-0.006184285148325385,8864506084.0,0.5,7686061683.5,0.09895672386549152,0.1789643210225317,0.0
350,O,25212824473,2.2,0.21297891582983064,1726988998.0,0.45454545454545453,11460374760.454546,0.14755035638081462,0.21853144330856106,0.0
351,ODFL,31269194067,10.1,0.183901273886013,4309580839.0,0.09900990099009901,3095959808.6138616,0.03985995071277545,0.11358269821795641,0.0
352,OKE,24342946185,4.1,0.12328947040487241,9946860120.0,0.24390243902439027,5937303947.560976,0.07644176841640153,0.15729291662085387,0.0
353,OMC,18052789870,5.58,0.0749609543937191,13477207626.0,0.17921146953405018,3235267001.7921147,0.04165350689479396,0.11610999020066551,0.0
354,ORCL,234659492789,25.74,0.3319519407860984,40676590133.0,0.038850038850038855,9116530411.383062,0.11737376301145963,0.19490784370691833,0.0
355,ORLY,37652957029,-5736.36,0.16585358848520693,12254013507.0,-0.00017432657643523072,-6563911.091528427,0.0,0.0,0.0
356,OTIS,34208814106,-8.88,0.08230820221057861,13328112309.0,-0.1126126126126126,-3852343930.8558555,0.0,0.0,0.0
357,OXY,24359203631,2.97,-0.8331727567917204,17366052530.0,0.33670033670033667,8201752064.309764,0.10559614893326484,0.184870596549119,0.0
358,PAYC,19908305361,26.61,0.17352020090741682,910571012.0,0.03757985719654265,748151272.4915445,0.009632319116107945,0.05583534883885429,0.0
359,PAYX,36081647667,13.0,0.2677330291298441,4083252185.0,0.07692307692307693,2775511359.0,0.035734231970543893,0.10754396117870377,0.0
360,PBCT,7997396741,1.15,0.10693379345683503,2186138880.0,0.8695652173913044,6954258035.652175,0.08953487760848097,0.17023149955647984,1.8253253221620336
361,PCAR,32379685512,3.04,0.07460730691942179,20348112753.0,0.32894736842105265,10651212339.473684,0.1371325292083851,0.21067550600606436,0.0
362,PEAK,18296072383,2.76,0.1857118445058583,1527924808.0,0.3623188405797102,6629011732.971016,0.08534738733218185,0.166203022787313,0.0
363,PEG,31399087266,,,,,,0.0,0.0,0.0
364,PEP,202570998733,15.06,0.10794974641969687,71823511408.0,0.06640106241699867,13450929530.74369,0.1731784071113341,0.2367503736186558,0.0
365,PFE,231397498523,3.3,0.257879888133766,45816417150.0,0.30303030303030304,70120454097.87878,0.9027888012377886,0.5405512603403603,0.0
366,PFG,17918476755,1.16,0.12146117998840204,13738823437.0,0.8620689655172414,15446962719.827587,0.19887699154275468,0.25370911683536757,1.7724868083534053
367,PG,338915559835,7.5,0.190756936593699,77236025458.0,0.13333333333333333,45188741311.333336,0.5817972818738102,0.4339399620292045,0.0
368,PGR,60078048224,3.73,0.15047762242011203,46908872470.0,0.2680965147453083,16106715341.55496,0.20737119321536995,0.2590705314421991,0.0
369,PH,40369371454,5.55,0.11726307499173827,14192857130.0,0.1801801801801802,7273760622.342343,0.09364841852805006,0.1740980980038467,0.0
370,PHM,14897072381,2.3,0.13315032835109503,11877172502.0,0.4347826086956522,6476987991.739131,0.08339010777841796,0.1642861946756751,0.0
371,PKG,14326193500,4.53,0.07367889367516224,6855539194.0,0.22075055187637968,3162515121.412803,0.04071683893220841,0.11479707690505715,0.0
372,PKI,16269592335,4.1,0.24521617477376653,4536114301.0,0.24390243902439027,3968193252.439025,0.05108980647000232,0.12859110594373024,0.0
373,PLD,87414324289,2.71,0.297473839409933,4705783045.0,0.36900369003690037,32256208224.723248,0.4152931399306971,0.366624244720166,0.0
374,PM,155505170816,-13.71,0.2899699980980859,30387734415.0,-0.07293946024799416,-11342463225.091175,0.0,0.0,0.0
375,PNC,81866436802,1.55,0.47189895207192867,18096320641.0,0.6451612903225806,52817056001.29032,0.6800105231171982,0.46913908816974015,0.35664846920091736
376,PNR,11147170544,5.28,0.1365344428201868,3303108074.0,0.1893939393939394,2111206542.4242425,0.02718142157123047,0.09379504278680234,0.0
377,PNW,9681650884,1.7,0.1610547904075894,3682998963.0,0.5882352941176471,5695088755.294118,0.07332328942362512,0.15405108898902994,0.01900953818563444
378,PPG,43042564013,7.31,0.08357891857305909,14923424802.0,0.13679890560875513,5888175651.573187,0.07580925004480397,0.156640803733867,0.0
379,PPL,22395035161,2.03,-0.13635854881308176,7292801696.0,0.4926108374384237,11032037025.123154,0.14203558161816182,0.21440868818459116,0.0
380,PRGO,6125167484,1.12,-0.05014237841032698,4781654366.0,0.8928571428571428,5468899539.285714,0.0704111421222385,0.15096090723932976,1.9912649552625954
381,PRU,41431827777,0.7525,0.04537779018426317,61686538754.0,1.3289036544850499,55058907344.8505,0.7088739740609257,0.4789920645911181,5.647734536012503
382,PSA,48149412014,10.42,0.397537282469044,3029678518.0,0.09596928982725528,4620864876.583493,0.05949284151510951,0.13876379185620202,0.0
383,PSX,37549446042,2.2,-0.03380483426058018,67354527724.0,0.45454545454545453,17067930019.090908,0.2197466670714512,0.2666889067675127,0.0
384,PVH,8254448435,1.8,-0.1614754209702183,7488128731.0,0.5555555555555556,4585804686.111112,0.05904144758540751,0.13823636370434533,0.0
385,PWR,13101508015,3.03,0.04617767314712943,11655999998.0,0.33003300330033003,4323930037.953795,0.055669856475137405,0.13423131769655572,0.0
386,PXD,37487708940,2.23,-0.0716393320576746,8232183811.0,0.4484304932735426,16810631811.659193,0.2164339968493835,0.264671112260732,0.0
387,PYPL,291728934047,15.2,0.23290783926132974,23743309700.0,0.06578947368421052,19192693029.407894,0.2471026258380744,0.282802004178914,0.0
388,QCOM,148110503391,20.17,0.2861721412847741,29616889317.0,0.04957858205255329,7343108745.215666,0.09454126369744253,0.17492605594446228,0.0
389,QRVO,20212019603,4.32,0.1304902379940893,3801424384.0,0.23148148148148145,4678708241.4351845,0.06023756490125766,0.13962960399182162,0.0
390,RCL,21557039854,2.47,-26.271761428070715,223622275.0,0.4048582995951417,8727546499.595142,0.11236566196674,0.19070435461908836,0.0
391,RE,13383536895,1.4,0.08301147858476637,10701472559.0,0.7142857142857143,9559669210.714287,0.12307909893058756,0.19958870335162046,0.7849594894714476
392,REG,10950787701,1.81,0.15371105010521163,1030589831.0,0.5524861878453039,6050158950.82873,0.0778947571972723,0.1587807747351521,0.0
393,REGN,53579251218,4.71,0.4569757049989974,9252472046.0,0.21231422505307856,11375637201.273886,0.14645937486255833,0.21772203791635922,0.0
394,RF,21797102422,1.42,0.226385205185213,6836569495.0,0.7042253521126761,15350072128.169016,0.1976295418189899,0.25291217391026366,0.7213399230400831
395,RHI,9902715433,8.39,0.06682025647667444,5109301784.0,0.11918951132300357,1180299813.2300358,0.015196157343758046,0.07013110689587028,0.0
396,RJF,18438407893,2.39,0.123749504325155,8895114211.0,0.41841004184100417,7714815017.9916315,0.09932691810783136,0.17929875870890122,0.0
397,RL,9861304219,3.72,-0.0694691935319838,4505525647.0,0.26881720430107525,2650888230.913978,0.03412973060416317,0.10510181909471383,0.0
398,RMD,29142263432,10.4,0.1479909817278488,3143741428.0,0.09615384615384615,2802140714.6153846,0.03607708034970855,0.10805863930504209,0.0
399,ROK,30653678850,17.0,0.2538637173894113,6374701711.0,0.058823529411764705,1803157579.4117646,0.023215344089011315,0.08668248741044596,0.0
400,ROL,17384945592,17.7,0.1473027605608321,2218755501.0,0.05649717514124294,982200315.9322034,0.012645660345525847,0.06397562819906899,0.0
401,ROP,45954801354,4.3,0.17511894778779138,5738749161.0,0.23255813953488372,10687163105.581396,0.13759538914640912,0.2110307503353584,0.0
402,ROST,43875610938,14.2,0.007075905197560988,12655382731.0,0.07042253521126761,3089831756.197183,0.039781053090585876,0.11347023139937208,0.0
403,RSG,34427068787,4.12,0.1023397786860396,10585499309.0,0.24271844660194175,8356084657.038836,0.10758315455344113,0.18660184778868835,0.0
404,RTX,133406663492,1.8,-0.0502375082800193,53945011024.0,0.5555555555555556,74114813051.11111,0.9542154866107677,0.5557340833991634,0.0
405,SBAC,33025674434,-6.4,0.06877584746052001,2154116148.0,-0.15625,-5160261630.3125,0.0,0.0,0.0
406,SBUX,129498331927,-17.24,0.04306440830478651,24596678854.0,-0.0580046403712297,-7511504172.099769,0.0,0.0,0.0
407,SCHW,132063559538,3.19,0.2667036236068536,14801103813.0,0.31347962382445144,41399234964.89029,0.5330080386237184,0.4153466214713624,0.0
408,SEE,8444635225,86.44,0.10197818948375185,5223028082.0,0.01156871818602499,97693605.10180473,0.0012577883839050073,0.02017658180001641,0.0
409,SHW,77267942278,24.91,0.11777032841965329,19756139658.0,0.04014452027298274,3101884475.2308307,0.039936229777731314,0.11369132656302827,0.0
410,SIVB,30725500122,3.63,0.35927391744178355,4831490994.0,0.27548209366391185,8464325102.479339,0.10897673169497353,0.18780653155956278,0.0
411,SJM,14655617796,1.84,0.1199789144285076,8261703837.0,0.5434782608695652,7965009671.73913,0.10254813129646129,0.1821829281675821,0.0
412,SLB,44919960936,3.86,-0.13329029364251505,21750340027.0,0.2590673575129534,11637295579.274612,0.14982818153171318,0.2202117848455059,0.0
413,SLG,5034955754,1.1,0.24678432991504382,1005474505.0,0.9090909090909091,4577232503.636363,0.05893108220857228,0.13810710158964176,2.1085144029452825
414,SNA,13653682612,3.57,0.1716426702729963,4145781836.0,0.2801120448179272,3824560955.742297,0.04924056532314854,0.12624242195592583,0.0
415,SNPS,36357008898,7.47,0.1905524602311582,3847521182.0,0.13386880856760375,4867069464.257028,0.06266268328844962,0.14241256108129455,0.0
416,SO,68196740304,2.46,0.16156124724777898,22104940115.0,0.4065040650406504,27722252156.09756,0.35691923438887313,0.3398824804482144,0.0
417,SPG,39541220240,13.45,0.25720366076082635,4547072958.0,0.07434944237918216,2939867675.8364315,0.03785029131672985,0.11068236132146746,0.0
418,SPGI,89175691213,90.88,0.3315984933660531,7821085039.0,0.011003521126760564,981246602.2557219,0.012633381445769821,0.06394456058028009,0.0
419,SRE,42044433924,1.87,0.3359954345108948,11970436779.0,0.53475935828877,22483654504.81283,0.2894731895134521,0.3060891785549158,0.0
420,STE,17010655742,4.39,0.1457173959355571,3106857068.0,0.22779043280182235,3874864633.7129846,0.04988821653586912,0.12706993037416336,0.0
421,STT,30249783621,1.31,0.1890512358962816,12270400056.0,0.7633587786259541,23091437878.625954,0.2972982960464345,0.31019872807954424,1.1017271169117782
422,STX,23507150962,48.3,0.10052376852266218,10434398450.0,0.020703933747412008,486690496.1076605,0.006266056533825999,0.04503404496625123,0.0
423,STZ,45338471471,3.39,0.21961707929726104,9486185435.0,0.2949852507374631,13374180374.926254,0.17219027491413355,0.23607397482690953,0.0
424,SWK,33802065402,3.51,0.10000636389719897,16195840310.0,0.2849002849002849,9630218063.247864,0.12398740328809481,0.20032381618201028,0.0
425,SWKS,28447700526,5.9,0.2883016722938809,4443468334.0,0.1694915254237288,4821644156.949152,0.06207784026000757,0.14174642104824542,0.0
426,SYF,26409087820,2.1,0.13011467442993424,16756099686.0,0.47619047619047616,12575756104.761904,0.16191069958887,0.22891886150568194,0.0
427,SYK,96275148878,7.08,0.0997534268570179,14995469205.0,0.14124293785310735,13598184869.774012,0.17507429430586766,0.2380427697817806,0.0
428,SYY,42546236492,30.93,-0.005821678849411606,45078469806.0,0.032331070158422244,1375565356.9996767,0.01771016767713054,0.0757103300098361,0.0
429,T,210150366688,1.28,-0.014515570277946756,176923688303.0,0.78125,164179973975.0,2.11378896213716,0.8271316047632421,1.2199219736954985
430,TAP,11213061327,0.9015,-0.07995384845448665,9570009138.0,1.1092623405435387,12438226652.246258,0.16014003151250275,0.2276636831009913,3.6681094717950886
431,TDG,32413178203,-9.62,0.0352447769154317,4587328527.0,-0.10395010395010396,-3369353243.555094,0.0,0.0,0.0
432,TDY,15638945054,4.73,0.13479193149641194,3249979179.0,0.2114164904862579,3306330878.224101,0.04256844209652256,0.1173782636630099,0.0
433,TEL,44898340452,4.61,0.08317084888359147,13296167976.0,0.21691973969631234,9739336323.64425,0.1253922821463934,0.20145553586252063,0.0
434,TFC,81376506426,1.41,0.1936551606348533,24232668853.0,0.7092198581560284,57713834344.680855,0.7430557031211086,0.49040454737222444,0.7528686533757757
435,TFX,18929847345,5.63,0.11390849333335204,2570513755.0,0.17761989342806395,3362317468.028419,0.043289259822892084,0.11836788365379214,0.0
436,TGT,110684029555,7.18,0.04721536617522513,94852357431.0,0.1392757660167131,15415603002.089138,0.1984732405638359,0.25345145166707195,0.0
437,TIF,16462852174,4.98,0.08180562718639375,3847138769.0,0.2008032128514056,3305793609.2369475,0.042561524850604875,0.11736872646524002,0.0
438,TJX,82270382658,15.15,0.0028530236454817745,32437745471.0,0.066006600660066,5430388294.257425,0.0699153164579504,0.15042844513708323,0.0
439,TMO,181142928872,5.1,0.23062512126065277,37296797563.0,0.19607843137254904,35518221347.45098,0.4572909985380958,0.38471589407091933,0.0
440,TMUS,172218285886,2.72,0.04097120078141291,80055853285.0,0.3676470588235294,63315546281.617645,0.8151767820486274,0.513652851573021,0.0
441,TPR,12602603074,4.34,0.07378942215587955,4874273766.0,0.2304147465437788,2903825593.087558,0.037386255692637205,0.11000179921345761,0.0
442,TROW,42837474226,,,,,,0.0,0.0,0.0
443,TRV,40189453987,1.4,0.08848880630690159,33166889874.0,0.7142857142857143,28706752847.857143,0.36959451167801854,0.34586495530427547,0.7849594894714476
444,TSCO,20977975209,11.91,0.07431416063905197,11785986956.0,0.08396305625524769,1761374912.5944586,0.02267739943115356,0.08567230023031723,0.0
445,TSN,30041105768,1.9,0.04975081904274787,44326829454.0,0.5263157894736842,15811108298.947367,0.203565303321094,0.2566821574996877,0.0
446,TT,43164693214,6.89,0.09094955825548891,13074295278.0,0.14513788098693758,6264832106.531204,0.08065863720044576,0.16157316885341053,0.0
447,TTWO,20889627202,6.33,0.1555892887358381,3429055159.0,0.1579778830963665,3300099084.044234,0.042488208816952665,0.11726759382902381,0.0
448,TWTR,43024335137,5.44,-0.2718673776415361,3968678273.0,0.1838235294117647,7908885135.477941,0.10182553753315594,0.18153992779923228,0.0
449,TXN,166083194768,16.75,0.4013128345904429,16075608140.0,0.05970149253731343,9915414613.014925,0.1276592598753605,0.2032684445134281,0.0
450,TXT,15137090028,2.6,0.037539131946262634,11959250995.0,0.3846153846153846,5821957703.076922,0.07495670533281562,0.1557575284791277,0.0
451,TYL,16506237371,8.05,0.1661568871683362,1180414048.0,0.12422360248447203,2050464269.6894407,0.02639937524406087,0.09243589003901885,0.0
452,UA,9737105373,,,,,,0.0,0.0,0.0
453,UAA,9821444038,5.6,0.02575396405450211,5033285707.0,0.17857142857142858,1753829292.5,0.022580250868621962,0.08548859588350037,0.0
454,UAL,18584903468,,,,,,0.0,0.0,0.0
455,UDR,13828624232,4.7,0.0494293204279118,1255208170.0,0.2127659574468085,2942260474.893617,0.03788109819355675,0.11072739511406701,0.0
456,UHS,13412139036,2.16,0.08701685277386541,11953428747.0,0.4629629629629629,6209323627.777777,0.07994397507172667,0.16085578046001078,0.0
457,ULTA,18547060024,9.25,0.02961354125161536,6208597948.0,0.10810810810810811,2005087570.1621623,0.025815158032444177,0.09140736646883536,0.0
458,UNH,402240958561,5.85,0.06633707695018165,271671861099.0,0.17094017094017094,68759138215.55556,0.8852620930993464,0.5352784222298659,0.0
459,UNM,6109323099,0.5953,0.06137849021527902,13708898189.0,1.6798252981689903,10262595496.388374,0.1321291541101566,0.20679647423962108,9.50791955359956
460,UNP,148648247788,9.29,0.2817999717335519,19799707318.0,0.10764262648008613,16000887813.562973,0.20600868197149688,0.2582180305844689,0.0
461,UPS,183882569668,26.33,0.05994022314022378,91930380772.0,0.0379794910748196,6983766413.5206995,0.08991479290459715,0.17059228125179252,0.0
462,URI,23755188695,5.11,0.10901331942214905,8512721666.0,0.19569471624266144,4648764910.958904,0.059852049665032665,0.1391820780804735,0.0
463,USB,90937568553,2.03,0.2351106440820889,25098603342.0,0.4926108374384237,44796831799.50739,0.5767515142311599,0.4320541434207159,0.0
464,V,505327086863,15.07,0.5204649105089602,21840415086.0,0.06635700066357,33531989838.287987,0.43171860905192694,0.37380420906671985,0.0
465,VAR,16831567391,7.43,0.09072934982165537,3218624667.0,0.13458950201884254,2265352273.351279,0.029166021377804618,0.09715885712598302,0.0
466,VFC,34748805237,11.3,-0.02054916129283805,8344520022.0,0.08849557522123894,3075115507.699115,0.039591583919126386,0.11319969091354873,0.0
467,VIAC,26403213523,1.41,0.11358369692393014,26766302590.0,0.7092198581560284,18725683349.64539,0.24108995643392706,0.2793401499444673,0.7528686533757757
468,VLO,32791198647,1.91,-0.004598165658572154,63866034799.0,0.5235602094240838,17168166830.890053,0.22103719880471312,0.2674708678037257,0.0
469,VMC,25606693825,4.29,0.14380163592983455,4920801830.0,0.2331002331002331,5968926299.533799,0.07684890076597266,0.15771123499347411,0.0
470,VNO,8949557966,1.79,-0.2436753265703007,1487465019.0,0.5586592178770949,4999753053.631285,0.06437096170929253,0.14434069812081765,0.0
471,VRSK,28204005848,10.5,0.256523055451144,2959004614.0,0.09523809523809523,2686095795.047619,0.03458302194443807,0.10579746769663771,0.0
472,VRSN,24905913139,-17.74,0.5044469474207599,1277757004.0,-0.056369785794813984,-1403940988.6696732,0.0,0.0,0.0
473,VRTX,55849983972,6.38,0.4489867892308909,6722513247.0,0.15673981191222572,8753915983.072102,0.1127051645367632,0.1909922352141538,0.0
474,VTR,19936048302,2.1,-0.02531313236055239,3782587798.0,0.47619047619047616,9493356334.285713,0.12222533203777744,0.1988952518773845,0.0
475,VZ,239960136941,3.35,0.1520800966606705,132753979561.0,0.29850746268656714,71629891624.1791,0.9222225500981401,0.5463383306906523,0.0
476,WAB,15291329318,1.48,0.05826607227726301,7757391188.0,0.6756756756756757,10331979268.918919,0.1330224582627619,0.20749435566223443,0.5431951449019502
477,WAT,18980837527,84.9,0.2537757343997874,2631742311.0,0.01177856301531213,223566990.89517078,0.002878386603498857,0.030522377897941266,0.0
478,WBA,47845375784,2.32,-0.004475473440367994,141830282201.0,0.4310344827586207,20623006803.448277,0.265517669979936,0.29315041737327246,0.0
479,WDC,21720562888,2.29,0.022093037919672275,16469205776.0,0.4366812227074236,9484961959.825329,0.12211725590858333,0.19880729718529241,0.0
480,WEC,29900218103,2.82,0.16249557908348994,7942353624.0,0.3546099290780142,10602914220.921986,0.13651069922866954,0.2101973073085821,0.0
481,WELL,30715657367,1.94,0.17106140704205577,4491191755.0,0.5154639175257733,15832813075.773197,0.20384474859428595,0.25685827792611904,0.0
482,WFC,194959072921,1.22,0.0787505460576891,78802921797.0,0.819672131147541,159802518787.70493,2.057429978558789,0.8160303933071187,1.4787588173535422
483,WHR,14947821914,3.73,0.06681447974599851,21144664585.0,0.2680965147453083,4007458958.176944,0.05159534568632585,0.1292257513575878,0.0
484,WLTW,33608938243,3.07,0.153917610015297,9591726300.0,0.32573289902280134,10947536886.970686,0.14094765685485938,0.21358597565156387,0.0
485,WM,60341079983,8.27,0.10132093780169094,15656314809.0,0.12091898428053205,7296382101.934704,0.09393966619189013,0.1743686113905318,0.0
486,WMB,32730309329,2.8,0.13887362981226029,8461984149.0,0.35714285714285715,11689396188.928572,0.15049896793117945,0.2207041825585168,0.0
487,WMT,401905206411,5.07,0.024966257614743234,582327679950.0,0.1972386587771203,79271243868.04733,1.020603647608548,0.5747412401819384,0.0
488,WRB,13920930053,2.24,0.09325364844944793,8579618100.0,0.4464285714285714,6214700916.517857,0.080013206740546,0.1609254161275855,0.0
489,WRK,15740922000,1.49,-0.04147951358903346,17744216747.0,0.6711409395973155,10564377181.208054,0.1360145414622348,0.20981497111452557,0.5152222563955503
490,WST,24398470199,13.27,0.18233183371897857,2381932028.0,0.07535795026375283,1838618703.7678976,0.0236718999735943,0.08753069185497481,0.0
491,WU,10264973355,46.8,0.1545085549835074,4952657839.0,0.021367521367521368,219337037.5,0.002823926680156269,0.03023225283645695,0.0
492,WY,27630489280,3.0,0.16058248442711956,8549441349.0,0.3333333333333333,9210163093.333332,0.1185792677073729,0.19590620181265178,0.0
493,WYNN,14453833867,65.46,-1.0436578655352289,1948791994.0,0.01527650473571647,220804061.5184846,0.002842814362389274,0.03033318774459461,0.0
494,XEL,38086974076,2.63,0.131573166727593,12800353459.0,0.3802281368821293,14481739192.39544,0.18644990443289897,0.24565459113020427,0.0
495,XLNX,29766064262,10.37,0.2149370722959524,3230452204.0,0.09643201542912247,2870401568.177435,0.03695592711348922,0.10936688776355015,0.0
496,XOM,251072689899,1.69,-0.10490694815461175,189768462229.0,0.591715976331361,148563721833.7278,1.9127323983737967,0.786811881965207,0.03927394342363674
497,XRAY,14697388801,3.06,0.0510964413412947,3543064773.0,0.32679738562091504,4803068235.620915,0.061838678463873205,0.14147311061445983,0.0
498,XRX,4690143402,,,,,,0.0,0.0,0.0
499,XYL,20838088350,7.26,0.06342049182599832,5222256993.0,0.13774104683195593,2870260103.305785,0.036954105777567525,0.10936419271148118,0.0
500,YUM,36685117496,-4.57,0.1999860043192858,5968927542.0,-0.2188183807439825,-8027378007.877461,0.0,0.0,0.0
501,ZBH,35675980140,2.87,0.08387145330125118,7304186204.0,0.3484320557491289,12430655101.045296,0.16004254909142934,0.22759437942573665,0.0
502,ZBRA,26549905093,10.9,0.13628396636141987,4751491173.0,0.09174311926605504,2435771109.449541,0.031360134618068754,0.10074714824855316,0.0
503,ZION,9650654647,1.3,0.40103967226454,3552606542.0,0.7692307692307692,7423580497.692307,0.09557732368716369,0.17588193518588413,1.1403577996513448
